tick_ms,position_mm,velocity_mm_s,target_mm_s,internal_model_mm_s,current_command_A,unsaturated_current_A,saturated
8.310600000000000000e+04,2.494590000000000032e+02,-0.000000000000000000e+00,4.000000000000000000e+02,1.568399999999999928e+01,6.000000000000000000e+00,1.596199999999999974e+01,1.000000000000000000e+00
8.310800000000000000e+04,2.494600000000000080e+02,1.829999999999999960e-01,4.000000000000000000e+02,3.075300000000000011e+01,6.000000000000000000e+00,2.347500000000000142e+01,1.000000000000000000e+00
8.311000000000000000e+04,2.494720000000000084e+02,4.216999999999999638e+00,4.000000000000000000e+02,4.523199999999999932e+01,6.000000000000000000e+00,2.868900000000000006e+01,1.000000000000000000e+00
8.311600000000000000e+04,2.496229999999999905e+02,3.057100000000000151e+01,4.000000000000000000e+02,8.534900000000000375e+01,6.000000000000000000e+00,3.526500000000000057e+01,1.000000000000000000e+00
8.311800000000000000e+04,2.497319999999999993e+02,4.954599999999999937e+01,4.000000000000000000e+02,9.768600000000000705e+01,6.000000000000000000e+00,3.164499999999999957e+01,1.000000000000000000e+00
8.312000000000000000e+04,2.498410000000000082e+02,5.422099999999999653e+01,4.000000000000000000e+02,1.095400000000000063e+02,6.000000000000000000e+00,3.521900000000000119e+01,1.000000000000000000e+00
8.312400000000000000e+04,2.501539999999999964e+02,7.975000000000000000e+01,4.000000000000000000e+02,1.318720000000000141e+02,6.000000000000000000e+00,3.327100000000000080e+01,1.000000000000000000e+00
8.312600000000000000e+04,2.503540000000000134e+02,8.781699999999999307e+01,4.000000000000000000e+02,1.423849999999999909e+02,6.000000000000000000e+00,3.441400000000000148e+01,1.000000000000000000e+00
8.312800000000000000e+04,2.506339999999999861e+02,1.025750000000000028e+02,4.000000000000000000e+02,1.524869999999999948e+02,6.000000000000000000e+00,3.187399999999999878e+01,1.000000000000000000e+00
8.313000000000000000e+04,2.508729999999999905e+02,1.117879999999999967e+02,4.000000000000000000e+02,1.621920000000000073e+02,6.000000000000000000e+00,3.202100000000000080e+01,1.000000000000000000e+00
8.313200000000000000e+04,2.511359999999999957e+02,1.287460000000000093e+02,4.000000000000000000e+02,1.715159999999999911e+02,6.000000000000000000e+00,2.795200000000000173e+01,1.000000000000000000e+00
8.313400000000000000e+04,2.514130000000000109e+02,1.376370000000000005e+02,4.000000000000000000e+02,1.804749999999999943e+02,6.000000000000000000e+00,2.789499999999999957e+01,1.000000000000000000e+00
8.313600000000000000e+04,2.517270000000000039e+02,1.463919999999999959e+02,4.000000000000000000e+02,1.890829999999999984e+02,6.000000000000000000e+00,2.773499999999999943e+01,1.000000000000000000e+00
8.313800000000000000e+04,2.520380000000000109e+02,1.599579999999999984e+02,4.000000000000000000e+02,1.973530000000000086e+02,6.000000000000000000e+00,2.490399999999999991e+01,1.000000000000000000e+00
8.314000000000000000e+04,2.523870000000000005e+02,1.705459999999999923e+02,4.000000000000000000e+02,2.052990000000000066e+02,6.000000000000000000e+00,2.346199999999999974e+01,1.000000000000000000e+00
8.314200000000000000e+04,2.527570000000000050e+02,1.823249999999999886e+02,4.000000000000000000e+02,2.129329999999999927e+02,6.000000000000000000e+00,2.124500000000000099e+01,1.000000000000000000e+00
8.314400000000000000e+04,2.531519999999999868e+02,1.927290000000000134e+02,4.000000000000000000e+02,2.202680000000000007e+02,6.000000000000000000e+00,1.959400000000000119e+01,1.000000000000000000e+00
8.314600000000000000e+04,2.535540000000000020e+02,2.039579999999999984e+02,4.000000000000000000e+02,2.273160000000000025e+02,6.000000000000000000e+00,1.737099999999999866e+01,1.000000000000000000e+00
8.314800000000000000e+04,2.539840000000000089e+02,2.143619999999999948e+02,4.000000000000000000e+02,2.340869999999999891e+02,6.000000000000000000e+00,1.543900000000000006e+01,1.000000000000000000e+00
8.315000000000000000e+04,2.544509999999999934e+02,2.202290000000000134e+02,4.000000000000000000e+02,2.405920000000000130e+02,6.000000000000000000e+00,1.573300000000000054e+01,1.000000000000000000e+00
8.315400000000000000e+04,2.554159999999999968e+02,2.470869999999999891e+02,4.000000000000000000e+02,2.528480000000000132e+02,6.000000000000000000e+00,8.083000000000000185e+00,1.000000000000000000e+00
8.315600000000000000e+04,2.559370000000000118e+02,2.536419999999999959e+02,4.000000000000000000e+02,2.586179999999999950e+02,6.000000000000000000e+00,7.652999999999999581e+00,1.000000000000000000e+00
8.315800000000000000e+04,2.564719999999999800e+02,2.663829999999999814e+02,4.000000000000000000e+02,2.641619999999999777e+02,3.896999999999999797e+00,3.896999999999999797e+00,0.000000000000000000e+00
8.316000000000000000e+04,2.570310000000000059e+02,2.762830000000000155e+02,4.000000000000000000e+02,2.694879999999999995e+02,1.415999999999999925e+00,1.415999999999999925e+00,0.000000000000000000e+00
8.316400000000000000e+04,2.581739999999999782e+02,2.871920000000000073e+02,4.000000000000000000e+02,2.795219999999999914e+02,5.440000000000000391e-01,5.440000000000000391e-01,0.000000000000000000e+00
8.316600000000000000e+04,2.587409999999999854e+02,2.846709999999999923e+02,4.000000000000000000e+02,2.842459999999999809e+02,4.099999999999999645e+00,4.099999999999999645e+00,0.000000000000000000e+00
8.316800000000000000e+04,2.593050000000000068e+02,2.850380000000000109e+02,4.000000000000000000e+02,2.887850000000000250e+02,6.000000000000000000e+00,6.214000000000000412e+00,1.000000000000000000e+00
8.317000000000000000e+04,2.598870000000000005e+02,2.866879999999999882e+02,4.000000000000000000e+02,2.931460000000000150e+02,6.000000000000000000e+00,7.644999999999999574e+00,1.000000000000000000e+00
8.317200000000000000e+04,2.604959999999999809e+02,2.975960000000000036e+02,4.000000000000000000e+02,2.973360000000000127e+02,4.182999999999999829e+00,4.182999999999999829e+00,0.000000000000000000e+00
8.317400000000000000e+04,2.611080000000000041e+02,3.095129999999999768e+02,4.000000000000000000e+02,3.013609999999999900e+02,2.900000000000000147e-02,2.900000000000000147e-02,0.000000000000000000e+00
8.317600000000000000e+04,2.617429999999999950e+02,3.179460000000000264e+02,4.000000000000000000e+02,3.052289999999999850e+02,-2.567000000000000171e+00,-2.567000000000000171e+00,0.000000000000000000e+00
8.317800000000000000e+04,2.623890000000000100e+02,3.162500000000000000e+02,4.000000000000000000e+02,3.089449999999999932e+02,-6.700000000000000400e-02,-6.700000000000000400e-02,0.000000000000000000e+00
8.318000000000000000e+04,2.629870000000000232e+02,3.123999999999999773e+02,4.000000000000000000e+02,3.125149999999999864e+02,3.596999999999999975e+00,3.596999999999999975e+00,0.000000000000000000e+00
8.318200000000000000e+04,2.636039999999999850e+02,3.076789999999999736e+02,4.000000000000000000e+02,3.159460000000000264e+02,6.000000000000000000e+00,7.798000000000000043e+00,1.000000000000000000e+00
8.318400000000000000e+04,2.642359999999999900e+02,3.103829999999999814e+02,4.000000000000000000e+02,3.192409999999999854e+02,6.000000000000000000e+00,8.164999999999999147e+00,1.000000000000000000e+00
8.318600000000000000e+04,2.648779999999999859e+02,3.184499999999999886e+02,4.000000000000000000e+02,3.224080000000000155e+02,5.690000000000000391e+00,5.690000000000000391e+00,0.000000000000000000e+00
8.318800000000000000e+04,2.655509999999999877e+02,3.264710000000000036e+02,4.000000000000000000e+02,3.254510000000000218e+02,3.152000000000000135e+00,3.152000000000000135e+00,0.000000000000000000e+00
8.319000000000000000e+04,2.662359999999999900e+02,3.387540000000000191e+02,4.000000000000000000e+02,3.283740000000000236e+02,-1.774000000000000021e+00,-1.774000000000000021e+00,0.000000000000000000e+00
8.319400000000000000e+04,2.676340000000000146e+02,3.466379999999999768e+02,4.000000000000000000e+02,3.338809999999999718e+02,-3.633000000000000007e+00,-3.633000000000000007e+00,0.000000000000000000e+00
8.319600000000000000e+04,2.682980000000000018e+02,3.409080000000000155e+02,4.000000000000000000e+02,3.364730000000000132e+02,3.880000000000000115e-01,3.880000000000000115e-01,0.000000000000000000e+00
8.319800000000000000e+04,2.689560000000000173e+02,3.318330000000000268e+02,4.000000000000000000e+02,3.389639999999999986e+02,6.000000000000000000e+00,6.278999999999999915e+00,1.000000000000000000e+00
8.320000000000000000e+04,2.696089999999999804e+02,3.276630000000000109e+02,4.000000000000000000e+02,3.413570000000000277e+02,6.000000000000000000e+00,9.791999999999999815e+00,1.000000000000000000e+00
8.320400000000000000e+04,2.708690000000000282e+02,3.383879999999999768e+02,4.000000000000000000e+02,3.458659999999999854e+02,6.000000000000000000e+00,6.751999999999999780e+00,1.000000000000000000e+00
8.320600000000000000e+04,2.716770000000000209e+02,3.479669999999999845e+02,4.000000000000000000e+02,3.479889999999999759e+02,2.978000000000000203e+00,2.978000000000000203e+00,0.000000000000000000e+00
8.320800000000000000e+04,2.723759999999999764e+02,3.570419999999999732e+02,4.000000000000000000e+02,3.500280000000000200e+02,-7.099999999999999645e-01,-7.099999999999999645e-01,0.000000000000000000e+00
8.321000000000000000e+04,2.731229999999999905e+02,3.671250000000000000e+02,4.000000000000000000e+02,3.519870000000000232e+02,-5.118999999999999773e+00,-5.118999999999999773e+00,0.000000000000000000e+00
8.321200000000000000e+04,2.738539999999999850e+02,3.669420000000000073e+02,4.000000000000000000e+02,3.538700000000000045e+02,-4.402000000000000135e+00,-4.402000000000000135e+00,0.000000000000000000e+00
8.321400000000000000e+04,2.745860000000000127e+02,3.615790000000000077e+02,4.000000000000000000e+02,3.556789999999999736e+02,-9.819999999999999840e-01,-9.819999999999999840e-01,0.000000000000000000e+00
8.321600000000000000e+04,2.752730000000000246e+02,3.531920000000000073e+02,4.000000000000000000e+02,3.574169999999999732e+02,4.134000000000000341e+00,4.134000000000000341e+00,0.000000000000000000e+00
8.321800000000000000e+04,2.786949999999999932e+02,3.424209999999999923e+02,4.000000000000000000e+02,3.590860000000000127e+02,6.000000000000000000e+00,1.065799999999999947e+01,1.000000000000000000e+00
8.322000000000000000e+04,2.769929999999999950e+02,3.449420000000000073e+02,4.000000000000000000e+02,3.606909999999999741e+02,6.000000000000000000e+00,1.030700000000000038e+01,1.000000000000000000e+00
8.322200000000000000e+04,2.777080000000000268e+02,3.525040000000000191e+02,4.000000000000000000e+02,3.622320000000000277e+02,6.000000000000000000e+00,7.301000000000000156e+00,1.000000000000000000e+00
8.322400000000000000e+04,2.784689999999999941e+02,3.630919999999999845e+02,4.000000000000000000e+02,3.637130000000000223e+02,2.700000000000000178e+00,2.700000000000000178e+00,0.000000000000000000e+00
8.322600000000000000e+04,2.792210000000000036e+02,3.726250000000000000e+02,0.000000000000000000e+00,3.494519999999999982e+02,-6.000000000000000000e+00,-1.752400000000000091e+01,1.000000000000000000e+00
8.322800000000000000e+04,2.799409999999999741e+02,3.758330000000000268e+02,0.000000000000000000e+00,3.357490000000000236e+02,-6.000000000000000000e+00,-2.619900000000000162e+01,1.000000000000000000e+00
8.323000000000000000e+04,2.806879999999999882e+02,3.690960000000000036e+02,0.000000000000000000e+00,3.225849999999999795e+02,-6.000000000000000000e+00,-2.943100000000000094e+01,1.000000000000000000e+00
8.323400000000000000e+04,2.817559999999999718e+02,3.533290000000000077e+02,0.000000000000000000e+00,2.977830000000000155e+02,-6.000000000000000000e+00,-3.392999999999999972e+01,1.000000000000000000e+00
8.323600000000000000e+04,2.827300000000000182e+02,3.332080000000000268e+02,0.000000000000000000e+00,2.861070000000000277e+02,-6.000000000000000000e+00,-2.945400000000000063e+01,1.000000000000000000e+00
8.323800000000000000e+04,2.833709999999999809e+02,3.216120000000000232e+02,0.000000000000000000e+00,2.748879999999999768e+02,-6.000000000000000000e+00,-2.918199999999999861e+01,1.000000000000000000e+00
8.324000000000000000e+04,2.839929999999999950e+02,3.056630000000000109e+02,0.000000000000000000e+00,2.641100000000000136e+02,-6.000000000000000000e+00,-2.642500000000000071e+01,1.000000000000000000e+00
8.324600000000000000e+04,2.856030000000000086e+02,2.586829999999999927e+02,0.000000000000000000e+00,2.342439999999999998e+02,-6.000000000000000000e+00,-1.737399999999999878e+01,1.000000000000000000e+00
8.324800000000000000e+04,2.860670000000000073e+02,2.445670000000000073e+02,0.000000000000000000e+00,2.250600000000000023e+02,-6.000000000000000000e+00,-1.477399999999999913e+01,1.000000000000000000e+00
8.325000000000000000e+04,2.865149999999999864e+02,2.254540000000000077e+02,0.000000000000000000e+00,2.162350000000000136e+02,-6.000000000000000000e+00,-9.398999999999999133e+00,1.000000000000000000e+00
8.325200000000000000e+04,2.869220000000000255e+02,2.066630000000000109e+02,0.000000000000000000e+00,2.077560000000000002e+02,-4.027000000000000135e+00,-4.027000000000000135e+00,0.000000000000000000e+00
8.325400000000000000e+04,2.872909999999999968e+02,1.907119999999999891e+02,0.000000000000000000e+00,1.996100000000000136e+02,1.290000000000000036e-01,1.290000000000000036e-01,0.000000000000000000e+00
8.325600000000000000e+04,2.876429999999999723e+02,1.796210000000000093e+02,0.000000000000000000e+00,1.917829999999999870e+02,2.091000000000000192e+00,2.091000000000000192e+00,0.000000000000000000e+00
8.325800000000000000e+04,2.879839999999999804e+02,1.715540000000000020e+02,0.000000000000000000e+00,1.842630000000000052e+02,2.708000000000000185e+00,2.708000000000000185e+00,0.000000000000000000e+00
8.326000000000000000e+04,2.883220000000000027e+02,1.677040000000000077e+02,0.000000000000000000e+00,1.770380000000000109e+02,1.292999999999999927e+00,1.292999999999999927e+00,0.000000000000000000e+00
8.326200000000000000e+04,2.886589999999999918e+02,1.663750000000000000e+02,0.000000000000000000e+00,1.700960000000000036e+02,-1.362999999999999989e+00,-1.362999999999999989e+00,0.000000000000000000e+00
8.326400000000000000e+04,2.889889999999999759e+02,1.656879999999999882e+02,0.000000000000000000e+00,1.634269999999999925e+02,-4.336999999999999744e+00,-4.336999999999999744e+00,0.000000000000000000e+00
8.326600000000000000e+04,2.893050000000000068e+02,1.609670000000000130e+02,0.000000000000000000e+00,1.570190000000000055e+02,-5.208999999999999631e+00,-5.208999999999999631e+00,0.000000000000000000e+00
8.326800000000000000e+04,2.896170000000000186e+02,1.567959999999999923e+02,0.000000000000000000e+00,1.508619999999999948e+02,-6.000000000000000000e+00,-6.266000000000000014e+00,1.000000000000000000e+00
8.327000000000000000e+04,2.898929999999999723e+02,1.485459999999999923e+02,0.000000000000000000e+00,1.449470000000000027e+02,-5.120000000000000107e+00,-5.120000000000000107e+00,0.000000000000000000e+00
8.327200000000000000e+04,2.901639999999999873e+02,1.358040000000000020e+02,0.000000000000000000e+00,1.392630000000000052e+02,-1.475999999999999979e+00,-1.475999999999999979e+00,0.000000000000000000e+00
8.327600000000000000e+04,2.906360000000000241e+02,1.173329999999999984e+02,0.000000000000000000e+00,1.285560000000000116e+02,2.984999999999999876e+00,2.984999999999999876e+00,0.000000000000000000e+00
8.327800000000000000e+04,2.908500000000000227e+02,1.146749999999999972e+02,0.000000000000000000e+00,1.235150000000000006e+02,2.035000000000000142e+00,2.035000000000000142e+00,0.000000000000000000e+00
8.328000000000000000e+04,2.910720000000000027e+02,1.151790000000000020e+02,0.000000000000000000e+00,1.186719999999999970e+02,-5.120000000000000107e-01,-5.120000000000000107e-01,0.000000000000000000e+00
8.328200000000000000e+04,2.912909999999999968e+02,1.096329999999999956e+02,0.000000000000000000e+00,1.140190000000000055e+02,7.099999999999999367e-02,7.099999999999999367e-02,0.000000000000000000e+00
8.328600000000000000e+04,2.917280000000000086e+02,1.035829999999999984e+02,0.000000000000000000e+00,1.052530000000000001e+02,-1.131999999999999895e+00,-1.131999999999999895e+00,0.000000000000000000e+00
8.328800000000000000e+04,2.919309999999999832e+02,1.028960000000000008e+02,0.000000000000000000e+00,1.011260000000000048e+02,-2.849000000000000199e+00,-2.849000000000000199e+00,0.000000000000000000e+00
8.329000000000000000e+04,2.921349999999999909e+02,9.803799999999999670e+01,0.000000000000000000e+00,9.716100000000000136e+01,-2.387999999999999901e+00,-2.387999999999999901e+00,0.000000000000000000e+00
8.329200000000000000e+04,2.923269999999999982e+02,9.620399999999999352e+01,0.000000000000000000e+00,9.335099999999999909e+01,-3.402000000000000135e+00,-3.402000000000000135e+00,0.000000000000000000e+00
8.329400000000000000e+04,2.925210000000000150e+02,8.983299999999999841e+01,0.000000000000000000e+00,8.969100000000000250e+01,-2.021999999999999797e+00,-2.021999999999999797e+00,0.000000000000000000e+00
8.329600000000000000e+04,2.926610000000000014e+02,8.694599999999999795e+01,0.000000000000000000e+00,8.617400000000000659e+01,-2.322000000000000064e+00,-2.322000000000000064e+00,0.000000000000000000e+00
8.329800000000000000e+04,2.928210000000000264e+02,8.075799999999999557e+01,0.000000000000000000e+00,8.279500000000000171e+01,-8.469999999999999751e-01,-8.469999999999999751e-01,0.000000000000000000e+00
8.330000000000000000e+04,2.929820000000000277e+02,7.704600000000000648e+01,0.000000000000000000e+00,7.954800000000000182e+01,-5.310000000000000275e-01,-5.310000000000000275e-01,0.000000000000000000e+00
8.330200000000000000e+04,2.931159999999999854e+02,6.966700000000000159e+01,0.000000000000000000e+00,7.642900000000000205e+01,1.768999999999999906e+00,1.768999999999999906e+00,0.000000000000000000e+00
8.330400000000000000e+04,2.932400000000000091e+02,6.732899999999999352e+01,0.000000000000000000e+00,7.343200000000000216e+01,1.600000000000000089e+00,1.600000000000000089e+00,0.000000000000000000e+00
8.330600000000000000e+04,2.933709999999999809e+02,6.448799999999999955e+01,0.000000000000000000e+00,7.055299999999999727e+01,1.741000000000000103e+00,1.741000000000000103e+00,0.000000000000000000e+00
8.330800000000000000e+04,2.934780000000000086e+02,5.490800000000000125e+01,0.000000000000000000e+00,6.778700000000000614e+01,5.445999999999999730e+00,5.445999999999999730e+00,0.000000000000000000e+00
8.331000000000000000e+04,2.935880000000000223e+02,5.761299999999999955e+01,0.000000000000000000e+00,6.512900000000000489e+01,2.963000000000000078e+00,2.963000000000000078e+00,0.000000000000000000e+00
8.331200000000000000e+04,2.937060000000000173e+02,5.206700000000000017e+01,0.000000000000000000e+00,6.257500000000000284e+01,4.709999999999999964e+00,4.709999999999999964e+00,0.000000000000000000e+00
8.331600000000000000e+04,2.940169999999999959e+02,6.732899999999999352e+01,0.000000000000000000e+00,5.776400000000000290e+01,-5.530999999999999694e+00,-5.530999999999999694e+00,0.000000000000000000e+00
8.331800000000000000e+04,2.941549999999999727e+02,6.650400000000000489e+01,0.000000000000000000e+00,5.549900000000000233e+01,-6.000000000000000000e+00,-6.448000000000000398e+00,1.000000000000000000e+00
8.332000000000000000e+04,2.942570000000000050e+02,5.692499999999999716e+01,0.000000000000000000e+00,5.332300000000000040e+01,-2.797000000000000153e+00,-2.797000000000000153e+00,0.000000000000000000e+00
8.332200000000000000e+04,2.943580000000000041e+02,5.389999999999999858e+01,0.000000000000000000e+00,5.123199999999999932e+01,-2.370000000000000107e+00,-2.370000000000000107e+00,0.000000000000000000e+00
8.332600000000000000e+04,2.945230000000000246e+02,4.299199999999999733e+01,0.000000000000000000e+00,4.729299999999999926e+01,1.415000000000000036e+00,1.415000000000000036e+00,0.000000000000000000e+00
8.332800000000000000e+04,2.945869999999999891e+02,3.712500000000000000e+01,0.000000000000000000e+00,4.543900000000000006e+01,3.616000000000000103e+00,3.616000000000000103e+00,0.000000000000000000e+00
8.333000000000000000e+04,2.946530000000000200e+02,3.038800000000000168e+01,0.000000000000000000e+00,4.365699999999999648e+01,6.000000000000000000e+00,6.376000000000000334e+00,1.000000000000000000e+00
8.333200000000000000e+04,2.947230000000000132e+02,3.561200000000000188e+01,0.000000000000000000e+00,4.194500000000000028e+01,3.059000000000000163e+00,3.059000000000000163e+00,0.000000000000000000e+00
8.333400000000000000e+04,2.947980000000000018e+02,3.643800000000000239e+01,0.000000000000000000e+00,4.030100000000000193e+01,1.929999999999999938e+00,1.929999999999999938e+00,0.000000000000000000e+00
8.333600000000000000e+04,2.948940000000000055e+02,4.248700000000000188e+01,0.000000000000000000e+00,3.871999999999999886e+01,-1.939999999999999947e+00,-1.939999999999999947e+00,0.000000000000000000e+00
8.333800000000000000e+04,2.949719999999999800e+02,4.532900000000000063e+01,0.000000000000000000e+00,3.720199999999999818e+01,-4.275999999999999801e+00,-4.275999999999999801e+00,0.000000000000000000e+00
8.334000000000000000e+04,2.950489999999999782e+02,3.694200000000000017e+01,0.000000000000000000e+00,3.574300000000000210e+01,-8.319999999999999618e-01,-8.319999999999999618e-01,0.000000000000000000e+00
8.334200000000000000e+04,2.951159999999999854e+02,3.776700000000000301e+01,0.000000000000000000e+00,3.434199999999999875e+01,-2.003000000000000114e+00,-2.003000000000000114e+00,0.000000000000000000e+00
8.334400000000000000e+04,2.951680000000000064e+02,2.924200000000000088e+01,0.000000000000000000e+00,3.299499999999999744e+01,1.673000000000000043e+00,1.673000000000000043e+00,0.000000000000000000e+00
8.334600000000000000e+04,2.952149999999999750e+02,2.351300000000000168e+01,0.000000000000000000e+00,3.170200000000000173e+01,4.078000000000000291e+00,4.078000000000000291e+00,0.000000000000000000e+00
8.334800000000000000e+04,2.952679999999999723e+02,2.534600000000000009e+01,0.000000000000000000e+00,3.045899999999999963e+01,2.669999999999999929e+00,2.669999999999999929e+00,0.000000000000000000e+00
8.335000000000000000e+04,2.953210000000000264e+02,2.685800000000000054e+01,0.000000000000000000e+00,2.926399999999999935e+01,1.387000000000000011e+00,1.387000000000000011e+00,0.000000000000000000e+00
8.335200000000000000e+04,2.953720000000000141e+02,2.571300000000000097e+01,0.000000000000000000e+00,2.811700000000000088e+01,1.453000000000000069e+00,1.453000000000000069e+00,0.000000000000000000e+00
8.335600000000000000e+04,2.954920000000000186e+02,3.176300000000000168e+01,0.000000000000000000e+00,2.595499999999999829e+01,-2.717999999999999972e+00,-2.717999999999999972e+00,0.000000000000000000e+00
8.335800000000000000e+04,2.955439999999999827e+02,2.905799999999999983e+01,0.000000000000000000e+00,2.493700000000000117e+01,-1.955000000000000071e+00,-1.955000000000000071e+00,0.000000000000000000e+00
8.336000000000000000e+04,2.955880000000000223e+02,2.300799999999999912e+01,0.000000000000000000e+00,2.396000000000000085e+01,6.059999999999999831e-01,6.059999999999999831e-01,0.000000000000000000e+00
8.336200000000000000e+04,2.956329999999999814e+02,2.218299999999999983e+01,0.000000000000000000e+00,2.301999999999999957e+01,5.779999999999999583e-01,5.779999999999999583e-01,0.000000000000000000e+00
8.336600000000000000e+04,2.957029999999999745e+02,1.732499999999999929e+01,0.000000000000000000e+00,2.125000000000000000e+01,2.225000000000000089e+00,2.225000000000000089e+00,0.000000000000000000e+00
8.336800000000000000e+04,2.957250000000000227e+02,1.310800000000000054e+01,0.000000000000000000e+00,2.041700000000000159e+01,4.083000000000000185e+00,4.083000000000000185e+00,0.000000000000000000e+00
8.337000000000000000e+04,2.957500000000000000e+02,1.145800000000000018e+01,0.000000000000000000e+00,1.961599999999999966e+01,4.695999999999999730e+00,4.695999999999999730e+00,0.000000000000000000e+00
8.337200000000000000e+04,2.957839999999999918e+02,1.393299999999999983e+01,0.000000000000000000e+00,1.884700000000000131e+01,3.197000000000000064e+00,3.197000000000000064e+00,0.000000000000000000e+00
8.337400000000000000e+04,2.958469999999999800e+02,2.369600000000000151e+01,0.000000000000000000e+00,1.810800000000000054e+01,-2.150999999999999801e+00,-2.150999999999999801e+00,0.000000000000000000e+00
8.337600000000000000e+04,2.959189999999999827e+02,3.561200000000000188e+01,0.000000000000000000e+00,1.739799999999999969e+01,-6.000000000000000000e+00,-8.813000000000000611e+00,1.000000000000000000e+00
8.337800000000000000e+04,2.959789999999999850e+02,3.290800000000000125e+01,0.000000000000000000e+00,1.671600000000000108e+01,-6.000000000000000000e+00,-8.006000000000000227e+00,1.000000000000000000e+00
8.338000000000000000e+04,2.960419999999999732e+02,3.139600000000000080e+01,0.000000000000000000e+00,1.606099999999999994e+01,-6.000000000000000000e+00,-7.796000000000000263e+00,1.000000000000000000e+00
8.338200000000000000e+04,2.960869999999999891e+02,2.855399999999999849e+01,0.000000000000000000e+00,1.543099999999999916e+01,-6.000000000000000000e+00,-6.873000000000000220e+00,1.000000000000000000e+00
8.338400000000000000e+04,2.961100000000000136e+02,1.695799999999999841e+01,0.000000000000000000e+00,1.482600000000000051e+01,-1.395999999999999908e+00,-1.395999999999999908e+00,0.000000000000000000e+00
8.338600000000000000e+04,2.961150000000000091e+02,6.921000000000000263e+00,0.000000000000000000e+00,1.424399999999999977e+01,3.488999999999999879e+00,3.488999999999999879e+00,0.000000000000000000e+00
8.338800000000000000e+04,2.961100000000000136e+02,-6.420000000000000151e-01,0.000000000000000000e+00,1.368599999999999994e+01,6.000000000000000000e+00,7.283999999999999808e+00,1.000000000000000000e+00
8.339000000000000000e+04,2.961070000000000277e+02,-2.153999999999999915e+00,0.000000000000000000e+00,1.314899999999999913e+01,6.000000000000000000e+00,8.035000000000000142e+00,1.000000000000000000e+00
8.339200000000000000e+04,2.961159999999999854e+02,1.191999999999999948e+00,0.000000000000000000e+00,1.263400000000000034e+01,6.000000000000000000e+00,6.264000000000000234e+00,1.000000000000000000e+00
8.339600000000000000e+04,2.961840000000000259e+02,1.581199999999999939e+01,0.000000000000000000e+00,1.166200000000000081e+01,-1.506000000000000005e+00,-1.506000000000000005e+00,0.000000000000000000e+00
8.339800000000000000e+04,2.962420000000000186e+02,2.603300000000000125e+01,0.000000000000000000e+00,1.120500000000000007e+01,-6.000000000000000000e+00,-7.128999999999999559e+00,1.000000000000000000e+00
8.340000000000000000e+04,2.962970000000000255e+02,3.006700000000000017e+01,0.000000000000000000e+00,1.076600000000000001e+01,-6.000000000000000000e+00,-9.696999999999999176e+00,1.000000000000000000e+00
8.340200000000000000e+04,2.963340000000000032e+02,2.351300000000000168e+01,0.000000000000000000e+00,1.034399999999999942e+01,-6.000000000000000000e+00,-6.743999999999999773e+00,1.000000000000000000e+00
8.340600000000000000e+04,2.963489999999999895e+02,4.400000000000000355e+00,0.000000000000000000e+00,9.548000000000000043e+00,2.451000000000000068e+00,2.451000000000000068e+00,0.000000000000000000e+00
8.340800000000000000e+04,2.963360000000000127e+02,-6.003999999999999559e+00,0.000000000000000000e+00,9.173999999999999488e+00,6.000000000000000000e+00,7.772000000000000242e+00,1.000000000000000000e+00
8.341000000000000000e+04,2.963229999999999791e+02,-6.875000000000000000e+00,0.000000000000000000e+00,8.814000000000000057e+00,6.000000000000000000e+00,8.278999999999999915e+00,1.000000000000000000e+00
8.341200000000000000e+04,2.963220000000000027e+02,-1.022100000000000009e+01,0.000000000000000000e+00,8.468999999999999417e+00,6.000000000000000000e+00,1.006900000000000084e+01,1.000000000000000000e+00
8.341400000000000000e+04,2.963419999999999845e+02,5.408000000000000362e+00,0.000000000000000000e+00,8.137000000000000455e+00,2.016999999999999904e+00,2.016999999999999904e+00,0.000000000000000000e+00
8.341600000000000000e+04,2.963790000000000191e+02,1.411700000000000088e+01,0.000000000000000000e+00,7.817999999999999616e+00,-2.615000000000000213e+00,-2.615000000000000213e+00,0.000000000000000000e+00
8.341800000000000000e+04,2.964239999999999782e+02,2.085399999999999920e+01,0.000000000000000000e+00,7.511000000000000121e+00,-6.000000000000000000e+00,-6.394000000000000128e+00,1.000000000000000000e+00
8.342000000000000000e+04,2.964610000000000127e+02,1.865399999999999991e+01,0.000000000000000000e+00,7.216000000000000192e+00,-5.674000000000000377e+00,-5.674000000000000377e+00,0.000000000000000000e+00
8.342200000000000000e+04,2.964780000000000086e+02,1.430000000000000071e+01,0.000000000000000000e+00,6.934000000000000163e+00,-3.799999999999999822e+00,-3.799999999999999822e+00,0.000000000000000000e+00
8.342400000000000000e+04,2.964780000000000086e+02,4.536999999999999922e+00,0.000000000000000000e+00,6.661999999999999922e+00,9.839999999999999858e-01,9.839999999999999858e-01,0.000000000000000000e+00
8.342600000000000000e+04,2.964689999999999941e+02,-4.354000000000000092e+00,0.000000000000000000e+00,6.400000000000000355e+00,5.527999999999999581e+00,5.527999999999999581e+00,0.000000000000000000e+00
8.342800000000000000e+04,2.964590000000000032e+02,-4.674999999999999822e+00,0.000000000000000000e+00,6.149000000000000021e+00,5.806000000000000050e+00,5.806000000000000050e+00,0.000000000000000000e+00
8.343000000000000000e+04,2.964610000000000127e+02,5.040000000000000036e-01,0.000000000000000000e+00,5.908000000000000362e+00,3.228000000000000203e+00,3.228000000000000203e+00,0.000000000000000000e+00
8.343200000000000000e+04,2.964789999999999850e+02,8.250000000000000000e+00,0.000000000000000000e+00,5.676999999999999602e+00,-8.000000000000000444e-01,-8.000000000000000444e-01,0.000000000000000000e+00
8.343600000000000000e+04,2.965179999999999723e+02,8.938000000000000611e+00,0.000000000000000000e+00,5.240000000000000213e+00,-1.546000000000000041e+00,-1.546000000000000041e+00,0.000000000000000000e+00
8.343800000000000000e+04,2.965289999999999964e+02,6.232999999999999652e+00,0.000000000000000000e+00,5.035000000000000142e+00,-3.210000000000000075e-01,-3.210000000000000075e-01,0.000000000000000000e+00
8.344000000000000000e+04,2.965350000000000250e+02,3.208000000000000185e+00,0.000000000000000000e+00,4.836999999999999744e+00,1.129999999999999893e+00,1.129999999999999893e+00,0.000000000000000000e+00
8.344200000000000000e+04,2.965360000000000014e+02,8.709999999999999964e-01,0.000000000000000000e+00,4.647999999999999687e+00,2.289000000000000146e+00,2.289000000000000146e+00,0.000000000000000000e+00
8.344600000000000000e+04,2.965339999999999918e+02,-4.580000000000000182e-01,0.000000000000000000e+00,4.290000000000000036e+00,2.995000000000000107e+00,2.995000000000000107e+00,0.000000000000000000e+00
8.344800000000000000e+04,2.965360000000000014e+02,1.008000000000000007e+00,0.000000000000000000e+00,4.121999999999999886e+00,2.254000000000000004e+00,2.254000000000000004e+00,0.000000000000000000e+00
8.345000000000000000e+04,2.965430000000000064e+02,3.208000000000000185e+00,0.000000000000000000e+00,3.959999999999999964e+00,1.098999999999999977e+00,1.098999999999999977e+00,0.000000000000000000e+00
8.345200000000000000e+04,2.965529999999999973e+02,5.041999999999999815e+00,0.000000000000000000e+00,3.805000000000000160e+00,8.699999999999999400e-02,8.699999999999999400e-02,0.000000000000000000e+00
8.345400000000000000e+04,2.965620000000000118e+02,5.041999999999999815e+00,0.000000000000000000e+00,3.656000000000000139e+00,-1.200000000000000025e-02,-1.200000000000000025e-02,0.000000000000000000e+00
8.345600000000000000e+04,2.965690000000000168e+02,3.895999999999999908e+00,0.000000000000000000e+00,3.512999999999999901e+00,4.849999999999999867e-01,4.849999999999999867e-01,0.000000000000000000e+00
8.345800000000000000e+04,2.965710000000000264e+02,1.008000000000000007e+00,0.000000000000000000e+00,3.375000000000000000e+00,1.913999999999999924e+00,1.913999999999999924e+00,0.000000000000000000e+00
8.346000000000000000e+04,2.965699999999999932e+02,-3.210000000000000075e-01,0.000000000000000000e+00,3.242999999999999883e+00,2.596000000000000085e+00,2.596000000000000085e+00,0.000000000000000000e+00
8.346200000000000000e+04,2.965720000000000027e+02,8.709999999999999964e-01,0.000000000000000000e+00,3.115000000000000213e+00,1.993000000000000105e+00,1.993000000000000105e+00,0.000000000000000000e+00
8.346400000000000000e+04,2.965830000000000268e+02,4.721000000000000085e+00,0.000000000000000000e+00,2.992999999999999883e+00,-1.899999999999999953e-02,-1.899999999999999953e-02,0.000000000000000000e+00
8.346600000000000000e+04,2.966019999999999754e+02,9.074999999999999289e+00,0.000000000000000000e+00,2.875999999999999890e+00,-2.378000000000000114e+00,-2.378000000000000114e+00,0.000000000000000000e+00
8.346800000000000000e+04,2.966209999999999809e+02,1.008300000000000018e+01,0.000000000000000000e+00,2.762999999999999901e+00,-3.092999999999999972e+00,-3.092999999999999972e+00,0.000000000000000000e+00
8.347000000000000000e+04,2.966360000000000241e+02,7.929000000000000270e+00,0.000000000000000000e+00,2.654999999999999805e+00,-2.182999999999999829e+00,-2.182999999999999829e+00,0.000000000000000000e+00
8.347200000000000000e+04,2.966429999999999723e+02,3.895999999999999908e+00,0.000000000000000000e+00,2.551000000000000156e+00,-2.489999999999999991e-01,-2.489999999999999991e-01,0.000000000000000000e+00
8.347600000000000000e+04,2.966370000000000005e+02,-1.971000000000000085e+00,0.000000000000000000e+00,2.354999999999999982e+00,2.737000000000000099e+00,2.737000000000000099e+00,0.000000000000000000e+00
8.347800000000000000e+04,2.966349999999999909e+02,-1.467000000000000082e+00,0.000000000000000000e+00,2.262000000000000011e+00,2.525999999999999801e+00,2.525999999999999801e+00,0.000000000000000000e+00
8.348000000000000000e+04,2.966370000000000005e+02,8.709999999999999964e-01,0.000000000000000000e+00,2.173999999999999932e+00,1.350000000000000089e+00,1.350000000000000089e+00,0.000000000000000000e+00
8.348200000000000000e+04,2.966480000000000246e+02,4.903999999999999915e+00,0.000000000000000000e+00,2.088000000000000078e+00,-7.600000000000000089e-01,-7.600000000000000089e-01,0.000000000000000000e+00
8.348600000000000000e+04,2.966680000000000064e+02,4.721000000000000085e+00,0.000000000000000000e+00,1.927999999999999936e+00,-8.820000000000000062e-01,-8.820000000000000062e-01,0.000000000000000000e+00
8.348800000000000000e+04,2.966739999999999782e+02,3.391999999999999904e+00,0.000000000000000000e+00,1.852000000000000091e+00,-2.869999999999999774e-01,-2.869999999999999774e-01,0.000000000000000000e+00
8.349000000000000000e+04,2.966750000000000114e+02,1.008000000000000007e+00,0.000000000000000000e+00,1.780000000000000027e+00,8.870000000000000107e-01,8.870000000000000107e-01,0.000000000000000000e+00
8.349200000000000000e+04,2.966730000000000018e+02,-4.580000000000000182e-01,0.000000000000000000e+00,1.709999999999999964e+00,1.635000000000000009e+00,1.635000000000000009e+00,0.000000000000000000e+00
8.349400000000000000e+04,2.966720000000000255e+02,-8.249999999999999556e-01,0.000000000000000000e+00,1.643000000000000016e+00,1.842999999999999972e+00,1.842999999999999972e+00,0.000000000000000000e+00
8.349600000000000000e+04,2.966720000000000255e+02,-1.380000000000000115e-01,0.000000000000000000e+00,1.578000000000000069e+00,1.510999999999999899e+00,1.510999999999999899e+00,0.000000000000000000e+00
8.349800000000000000e+04,2.966739999999999782e+02,1.008000000000000007e+00,0.000000000000000000e+00,1.516000000000000014e+00,9.240000000000000435e-01,9.240000000000000435e-01,0.000000000000000000e+00
8.350000000000000000e+04,2.966779999999999973e+02,2.016999999999999904e+00,0.000000000000000000e+00,1.457000000000000073e+00,3.840000000000000080e-01,3.840000000000000080e-01,0.000000000000000000e+00
8.350200000000000000e+04,2.966840000000000259e+02,2.016999999999999904e+00,0.000000000000000000e+00,1.399999999999999911e+00,3.469999999999999751e-01,3.469999999999999751e-01,0.000000000000000000e+00
8.350400000000000000e+04,2.966870000000000118e+02,1.512999999999999901e+00,0.000000000000000000e+00,1.344999999999999973e+00,5.719999999999999529e-01,5.719999999999999529e-01,0.000000000000000000e+00
8.350600000000000000e+04,2.966870000000000118e+02,3.669999999999999929e-01,0.000000000000000000e+00,1.292000000000000037e+00,1.141999999999999904e+00,1.141999999999999904e+00,0.000000000000000000e+00
8.350800000000000000e+04,2.966870000000000118e+02,1.829999999999999960e-01,0.000000000000000000e+00,1.241999999999999993e+00,1.235999999999999988e+00,1.235999999999999988e+00,0.000000000000000000e+00
8.351000000000000000e+04,2.966890000000000214e+02,8.709999999999999964e-01,0.000000000000000000e+00,1.193000000000000060e+00,8.800000000000000044e-01,8.800000000000000044e-01,0.000000000000000000e+00
8.351200000000000000e+04,2.966940000000000168e+02,2.383000000000000007e+00,0.000000000000000000e+00,1.145999999999999908e+00,8.000000000000000167e-02,8.000000000000000167e-02,0.000000000000000000e+00
8.351600000000000000e+04,2.967040000000000077e+02,2.383000000000000007e+00,0.000000000000000000e+00,1.058000000000000052e+00,-2.599999999999999881e-02,-2.599999999999999881e-02,0.000000000000000000e+00
8.351800000000000000e+04,2.967049999999999841e+02,8.709999999999999964e-01,0.000000000000000000e+00,1.016999999999999904e+00,7.149999999999999689e-01,7.149999999999999689e-01,0.000000000000000000e+00
8.352000000000000000e+04,2.967040000000000077e+02,-3.210000000000000075e-01,0.000000000000000000e+00,9.769999999999999796e-01,1.322000000000000064e+00,1.322000000000000064e+00,0.000000000000000000e+00
8.352200000000000000e+04,2.967040000000000077e+02,-0.000000000000000000e+00,0.000000000000000000e+00,9.379999999999999449e-01,1.167999999999999927e+00,1.167999999999999927e+00,0.000000000000000000e+00
8.352600000000000000e+04,2.967090000000000032e+02,1.695999999999999952e+00,0.000000000000000000e+00,8.659999999999999920e-01,2.780000000000000249e-01,2.780000000000000249e-01,0.000000000000000000e+00
8.352800000000000000e+04,2.967119999999999891e+02,1.512999999999999901e+00,0.000000000000000000e+00,8.319999999999999618e-01,3.420000000000000262e-01,3.420000000000000262e-01,0.000000000000000000e+00
8.353000000000000000e+04,2.967130000000000223e+02,1.008000000000000007e+00,0.000000000000000000e+00,8.000000000000000444e-01,5.769999999999999574e-01,5.769999999999999574e-01,0.000000000000000000e+00
8.353200000000000000e+04,2.967130000000000223e+02,-0.000000000000000000e+00,0.000000000000000000e+00,7.680000000000000160e-01,1.084999999999999964e+00,1.084999999999999964e+00,0.000000000000000000e+00
8.353400000000000000e+04,2.967130000000000223e+02,-0.000000000000000000e+00,0.000000000000000000e+00,7.379999999999999893e-01,1.090000000000000080e+00,1.090000000000000080e+00,0.000000000000000000e+00
8.353600000000000000e+04,2.967139999999999986e+02,3.669999999999999929e-01,0.000000000000000000e+00,7.089999999999999636e-01,9.050000000000000266e-01,9.050000000000000266e-01,0.000000000000000000e+00
8.353800000000000000e+04,2.967160000000000082e+02,1.008000000000000007e+00,0.000000000000000000e+00,6.810000000000000497e-01,5.679999999999999494e-01,5.679999999999999494e-01,0.000000000000000000e+00
8.354000000000000000e+04,2.967189999999999941e+02,1.695999999999999952e+00,0.000000000000000000e+00,6.550000000000000266e-01,1.940000000000000058e-01,1.940000000000000058e-01,0.000000000000000000e+00
8.354200000000000000e+04,2.967230000000000132e+02,1.695999999999999952e+00,0.000000000000000000e+00,6.290000000000000036e-01,1.620000000000000051e-01,1.620000000000000051e-01,0.000000000000000000e+00
8.354400000000000000e+04,2.967250000000000227e+02,1.375000000000000000e+00,0.000000000000000000e+00,6.039999999999999813e-01,2.969999999999999862e-01,2.969999999999999862e-01,0.000000000000000000e+00
8.354600000000000000e+04,2.967259999999999991e+02,8.709999999999999964e-01,0.000000000000000000e+00,5.809999999999999609e-01,5.340000000000000302e-01,5.340000000000000302e-01,0.000000000000000000e+00
8.354800000000000000e+04,2.967259999999999991e+02,-0.000000000000000000e+00,0.000000000000000000e+00,5.580000000000000515e-01,9.729999999999999760e-01,9.729999999999999760e-01,0.000000000000000000e+00
8.355000000000000000e+04,2.967259999999999991e+02,1.829999999999999960e-01,0.000000000000000000e+00,5.360000000000000320e-01,8.830000000000000071e-01,8.830000000000000071e-01,0.000000000000000000e+00
8.355200000000000000e+04,2.967269999999999754e+02,1.829999999999999960e-01,0.000000000000000000e+00,5.150000000000000133e-01,8.830000000000000071e-01,8.830000000000000071e-01,0.000000000000000000e+00
8.355600000000000000e+04,2.967320000000000277e+02,1.512999999999999901e+00,0.000000000000000000e+00,4.749999999999999778e-01,1.749999999999999889e-01,1.749999999999999889e-01,0.000000000000000000e+00
8.355800000000000000e+04,2.967350000000000136e+02,1.375000000000000000e+00,0.000000000000000000e+00,4.570000000000000173e-01,2.179999999999999993e-01,2.179999999999999993e-01,0.000000000000000000e+00
8.356000000000000000e+04,2.967350000000000136e+02,6.879999999999999449e-01,0.000000000000000000e+00,4.390000000000000013e-01,5.500000000000000444e-01,5.500000000000000444e-01,0.000000000000000000e+00
8.356200000000000000e+04,2.967350000000000136e+02,-1.380000000000000115e-01,0.000000000000000000e+00,4.219999999999999862e-01,9.689999999999999725e-01,9.689999999999999725e-01,0.000000000000000000e+00
8.356600000000000000e+04,2.967350000000000136e+02,3.669999999999999929e-01,0.000000000000000000e+00,3.890000000000000124e-01,7.189999999999999725e-01,7.189999999999999725e-01,0.000000000000000000e+00
8.356800000000000000e+04,2.967359999999999900e+02,3.669999999999999929e-01,0.000000000000000000e+00,3.739999999999999991e-01,7.149999999999999689e-01,7.149999999999999689e-01,0.000000000000000000e+00
8.357000000000000000e+04,2.967379999999999995e+02,6.879999999999999449e-01,0.000000000000000000e+00,3.589999999999999858e-01,5.450000000000000400e-01,5.450000000000000400e-01,0.000000000000000000e+00
8.357200000000000000e+04,2.967389999999999759e+02,8.709999999999999964e-01,0.000000000000000000e+00,3.449999999999999734e-01,4.390000000000000013e-01,4.390000000000000013e-01,0.000000000000000000e+00
8.357400000000000000e+04,2.967400000000000091e+02,5.040000000000000036e-01,0.000000000000000000e+00,3.320000000000000173e-01,6.149999999999999911e-01,6.149999999999999911e-01,0.000000000000000000e+00
8.357600000000000000e+04,2.967409999999999854e+02,5.040000000000000036e-01,0.000000000000000000e+00,3.190000000000000058e-01,6.079999999999999849e-01,6.079999999999999849e-01,0.000000000000000000e+00
8.357800000000000000e+04,2.967409999999999854e+02,1.829999999999999960e-01,0.000000000000000000e+00,3.059999999999999942e-01,7.680000000000000160e-01,7.680000000000000160e-01,0.000000000000000000e+00
8.358000000000000000e+04,2.967409999999999854e+02,-0.000000000000000000e+00,0.000000000000000000e+00,2.939999999999999836e-01,8.639999999999999902e-01,8.639999999999999902e-01,0.000000000000000000e+00
8.358200000000000000e+04,2.967409999999999854e+02,1.829999999999999960e-01,0.000000000000000000e+00,2.829999999999999738e-01,7.730000000000000204e-01,7.730000000000000204e-01,0.000000000000000000e+00
8.358400000000000000e+04,2.967409999999999854e+02,1.829999999999999960e-01,0.000000000000000000e+00,2.720000000000000195e-01,7.730000000000000204e-01,7.730000000000000204e-01,0.000000000000000000e+00
8.358600000000000000e+04,2.967429999999999950e+02,6.879999999999999449e-01,0.000000000000000000e+00,2.610000000000000098e-01,5.110000000000000098e-01,5.110000000000000098e-01,0.000000000000000000e+00
8.358800000000000000e+04,2.967440000000000282e+02,1.191999999999999948e+00,0.000000000000000000e+00,2.510000000000000009e-01,2.379999999999999893e-01,2.379999999999999893e-01,0.000000000000000000e+00
8.359000000000000000e+04,2.967470000000000141e+02,1.191999999999999948e+00,0.000000000000000000e+00,2.409999999999999920e-01,2.159999999999999976e-01,2.159999999999999976e-01,0.000000000000000000e+00
8.359200000000000000e+04,2.967490000000000236e+02,1.008000000000000007e+00,0.000000000000000000e+00,2.310000000000000109e-01,2.889999999999999791e-01,2.889999999999999791e-01,0.000000000000000000e+00
8.359600000000000000e+04,2.967490000000000236e+02,-0.000000000000000000e+00,0.000000000000000000e+00,2.139999999999999958e-01,7.880000000000000338e-01,7.880000000000000338e-01,0.000000000000000000e+00
8.359800000000000000e+04,2.967490000000000236e+02,1.829999999999999960e-01,0.000000000000000000e+00,2.049999999999999878e-01,6.969999999999999529e-01,6.969999999999999529e-01,0.000000000000000000e+00
8.360000000000000000e+04,2.967500000000000000e+02,3.669999999999999929e-01,0.000000000000000000e+00,1.970000000000000084e-01,6.009999999999999787e-01,6.009999999999999787e-01,0.000000000000000000e+00
8.360200000000000000e+04,2.967520000000000095e+02,8.709999999999999964e-01,0.000000000000000000e+00,1.890000000000000013e-01,3.350000000000000200e-01,3.350000000000000200e-01,0.000000000000000000e+00
8.360600000000000000e+04,2.967549999999999955e+02,8.709999999999999964e-01,0.000000000000000000e+00,1.749999999999999889e-01,3.009999999999999898e-01,3.009999999999999898e-01,0.000000000000000000e+00
8.360800000000000000e+04,2.967549999999999955e+02,1.829999999999999960e-01,0.000000000000000000e+00,1.680000000000000104e-01,6.430000000000000160e-01,6.430000000000000160e-01,0.000000000000000000e+00
8.361000000000000000e+04,2.967549999999999955e+02,-0.000000000000000000e+00,0.000000000000000000e+00,1.610000000000000042e-01,7.379999999999999893e-01,7.379999999999999893e-01,0.000000000000000000e+00
8.361200000000000000e+04,2.967549999999999955e+02,1.829999999999999960e-01,0.000000000000000000e+00,1.549999999999999989e-01,6.460000000000000187e-01,6.460000000000000187e-01,0.000000000000000000e+00
8.361400000000000000e+04,2.967549999999999955e+02,1.829999999999999960e-01,0.000000000000000000e+00,1.489999999999999936e-01,6.460000000000000187e-01,6.460000000000000187e-01,0.000000000000000000e+00
8.361600000000000000e+04,2.967559999999999718e+02,5.040000000000000036e-01,0.000000000000000000e+00,1.429999999999999882e-01,4.789999999999999813e-01,4.789999999999999813e-01,0.000000000000000000e+00
8.361800000000000000e+04,2.967570000000000050e+02,3.669999999999999929e-01,0.000000000000000000e+00,1.380000000000000115e-01,5.430000000000000382e-01,5.430000000000000382e-01,0.000000000000000000e+00
8.362000000000000000e+04,2.967579999999999814e+02,5.040000000000000036e-01,0.000000000000000000e+00,1.320000000000000062e-01,4.670000000000000262e-01,4.670000000000000262e-01,0.000000000000000000e+00
8.362200000000000000e+04,2.967579999999999814e+02,3.669999999999999929e-01,0.000000000000000000e+00,1.270000000000000018e-01,5.310000000000000275e-01,5.310000000000000275e-01,0.000000000000000000e+00
8.362400000000000000e+04,2.967579999999999814e+02,-0.000000000000000000e+00,0.000000000000000000e+00,1.219999999999999973e-01,7.169999999999999707e-01,7.169999999999999707e-01,0.000000000000000000e+00
8.362600000000000000e+04,2.967579999999999814e+02,1.829999999999999960e-01,0.000000000000000000e+00,1.170000000000000068e-01,6.250000000000000000e-01,6.250000000000000000e-01,0.000000000000000000e+00
8.362800000000000000e+04,2.967590000000000146e+02,1.829999999999999960e-01,0.000000000000000000e+00,1.130000000000000032e-01,6.239999999999999991e-01,6.239999999999999991e-01,0.000000000000000000e+00
8.363000000000000000e+04,2.967590000000000146e+02,1.829999999999999960e-01,0.000000000000000000e+00,1.079999999999999988e-01,6.239999999999999991e-01,6.239999999999999991e-01,0.000000000000000000e+00
8.363200000000000000e+04,2.967590000000000146e+02,-0.000000000000000000e+00,0.000000000000000000e+00,1.039999999999999952e-01,7.179999999999999716e-01,7.179999999999999716e-01,0.000000000000000000e+00
8.363600000000000000e+04,2.967590000000000146e+02,-0.000000000000000000e+00,0.000000000000000000e+00,9.600000000000000200e-02,7.249999999999999778e-01,7.249999999999999778e-01,0.000000000000000000e+00
8.363800000000000000e+04,2.967590000000000146e+02,1.829999999999999960e-01,0.000000000000000000e+00,9.199999999999999845e-02,6.330000000000000071e-01,6.330000000000000071e-01,0.000000000000000000e+00
8.364000000000000000e+04,2.967610000000000241e+02,5.040000000000000036e-01,0.000000000000000000e+00,8.899999999999999578e-02,4.660000000000000253e-01,4.660000000000000253e-01,0.000000000000000000e+00
8.364200000000000000e+04,2.967610000000000241e+02,6.879999999999999449e-01,0.000000000000000000e+00,8.500000000000000611e-02,3.619999999999999885e-01,3.619999999999999885e-01,0.000000000000000000e+00
8.364600000000000000e+04,2.967620000000000005e+02,-0.000000000000000000e+00,0.000000000000000000e+00,7.900000000000000078e-02,7.039999999999999591e-01,7.039999999999999591e-01,0.000000000000000000e+00
8.364800000000000000e+04,2.967620000000000005e+02,-0.000000000000000000e+00,0.000000000000000000e+00,7.499999999999999722e-02,7.069999999999999618e-01,7.069999999999999618e-01,0.000000000000000000e+00
8.365000000000000000e+04,2.967620000000000005e+02,1.829999999999999960e-01,0.000000000000000000e+00,7.299999999999999545e-02,6.149999999999999911e-01,6.149999999999999911e-01,0.000000000000000000e+00
8.365200000000000000e+04,2.967629999999999768e+02,1.829999999999999960e-01,0.000000000000000000e+00,7.000000000000000666e-02,6.139999999999999902e-01,6.139999999999999902e-01,0.000000000000000000e+00
8.365400000000000000e+04,2.967629999999999768e+02,1.829999999999999960e-01,0.000000000000000000e+00,6.700000000000000400e-02,6.129999999999999893e-01,6.129999999999999893e-01,0.000000000000000000e+00
8.365600000000000000e+04,2.967629999999999768e+02,-0.000000000000000000e+00,0.000000000000000000e+00,6.400000000000000133e-02,7.079999999999999627e-01,7.079999999999999627e-01,0.000000000000000000e+00
8.365800000000000000e+04,2.967620000000000005e+02,-0.000000000000000000e+00,0.000000000000000000e+00,6.199999999999999956e-02,7.109999999999999654e-01,7.109999999999999654e-01,0.000000000000000000e+00
8.366000000000000000e+04,2.967620000000000005e+02,-0.000000000000000000e+00,0.000000000000000000e+00,5.899999999999999689e-02,7.139999999999999680e-01,7.139999999999999680e-01,0.000000000000000000e+00
8.366200000000000000e+04,2.967629999999999768e+02,-0.000000000000000000e+00,0.000000000000000000e+00,5.700000000000000205e-02,7.179999999999999716e-01,7.179999999999999716e-01,0.000000000000000000e+00
8.366400000000000000e+04,2.967629999999999768e+02,1.829999999999999960e-01,0.000000000000000000e+00,5.500000000000000028e-02,6.260000000000000009e-01,6.260000000000000009e-01,0.000000000000000000e+00
8.366600000000000000e+04,2.967629999999999768e+02,3.669999999999999929e-01,0.000000000000000000e+00,5.299999999999999850e-02,5.290000000000000258e-01,5.290000000000000258e-01,0.000000000000000000e+00
8.366800000000000000e+04,2.967640000000000100e+02,3.669999999999999929e-01,0.000000000000000000e+00,5.099999999999999672e-02,5.240000000000000213e-01,5.240000000000000213e-01,0.000000000000000000e+00
8.367000000000000000e+04,2.967640000000000100e+02,1.829999999999999960e-01,0.000000000000000000e+00,4.900000000000000189e-02,6.149999999999999911e-01,6.149999999999999911e-01,0.000000000000000000e+00
8.367200000000000000e+04,2.967649999999999864e+02,1.829999999999999960e-01,0.000000000000000000e+00,4.700000000000000011e-02,6.139999999999999902e-01,6.139999999999999902e-01,0.000000000000000000e+00
8.367600000000000000e+04,2.967649999999999864e+02,1.829999999999999960e-01,0.000000000000000000e+00,4.299999999999999656e-02,6.119999999999999885e-01,6.119999999999999885e-01,0.000000000000000000e+00
8.367800000000000000e+04,2.967640000000000100e+02,-0.000000000000000000e+00,0.000000000000000000e+00,4.100000000000000172e-02,7.069999999999999618e-01,7.069999999999999618e-01,0.000000000000000000e+00
8.368000000000000000e+04,2.967640000000000100e+02,-0.000000000000000000e+00,0.000000000000000000e+00,4.000000000000000083e-02,7.099999999999999645e-01,7.099999999999999645e-01,0.000000000000000000e+00
8.368200000000000000e+04,2.967640000000000100e+02,-0.000000000000000000e+00,0.000000000000000000e+00,3.799999999999999906e-02,7.129999999999999671e-01,7.129999999999999671e-01,0.000000000000000000e+00
8.368600000000000000e+04,2.967640000000000100e+02,-0.000000000000000000e+00,0.000000000000000000e+00,3.500000000000000333e-02,7.189999999999999725e-01,7.189999999999999725e-01,0.000000000000000000e+00
8.368800000000000000e+04,2.967649999999999864e+02,5.040000000000000036e-01,0.000000000000000000e+00,3.400000000000000244e-02,4.600000000000000200e-01,4.600000000000000200e-01,0.000000000000000000e+00
8.369000000000000000e+04,2.967660000000000196e+02,5.040000000000000036e-01,0.000000000000000000e+00,3.300000000000000155e-02,4.520000000000000129e-01,4.520000000000000129e-01,0.000000000000000000e+00
8.369200000000000000e+04,2.967660000000000196e+02,3.669999999999999929e-01,0.000000000000000000e+00,3.099999999999999978e-02,5.150000000000000133e-01,5.150000000000000133e-01,0.000000000000000000e+00
8.369400000000000000e+04,2.967660000000000196e+02,1.829999999999999960e-01,0.000000000000000000e+00,2.999999999999999889e-02,6.059999999999999831e-01,6.059999999999999831e-01,0.000000000000000000e+00
8.369600000000000000e+04,2.967660000000000196e+02,-0.000000000000000000e+00,0.000000000000000000e+00,2.900000000000000147e-02,6.999999999999999556e-01,6.999999999999999556e-01,0.000000000000000000e+00
8.369800000000000000e+04,2.967660000000000196e+02,-0.000000000000000000e+00,0.000000000000000000e+00,2.800000000000000058e-02,7.029999999999999583e-01,7.029999999999999583e-01,0.000000000000000000e+00
8.370000000000000000e+04,2.967660000000000196e+02,-0.000000000000000000e+00,0.000000000000000000e+00,2.699999999999999969e-02,7.059999999999999609e-01,7.059999999999999609e-01,0.000000000000000000e+00
8.370200000000000000e+04,2.967660000000000196e+02,-0.000000000000000000e+00,0.000000000000000000e+00,2.599999999999999881e-02,7.089999999999999636e-01,7.089999999999999636e-01,0.000000000000000000e+00
8.370400000000000000e+04,2.967660000000000196e+02,-0.000000000000000000e+00,0.000000000000000000e+00,2.500000000000000139e-02,7.119999999999999662e-01,7.119999999999999662e-01,0.000000000000000000e+00
8.370600000000000000e+04,2.967660000000000196e+02,-0.000000000000000000e+00,0.000000000000000000e+00,2.400000000000000050e-02,7.149999999999999689e-01,7.149999999999999689e-01,0.000000000000000000e+00
8.370800000000000000e+04,2.967660000000000196e+02,-0.000000000000000000e+00,0.000000000000000000e+00,2.299999999999999961e-02,7.179999999999999716e-01,7.179999999999999716e-01,0.000000000000000000e+00
8.371000000000000000e+04,2.967669999999999959e+02,3.669999999999999929e-01,0.000000000000000000e+00,2.199999999999999872e-02,5.300000000000000266e-01,5.300000000000000266e-01,0.000000000000000000e+00
8.371200000000000000e+04,2.967669999999999959e+02,3.669999999999999929e-01,0.000000000000000000e+00,2.100000000000000130e-02,5.250000000000000222e-01,5.250000000000000222e-01,0.000000000000000000e+00
8.371600000000000000e+04,2.967679999999999723e+02,1.829999999999999960e-01,0.000000000000000000e+00,1.899999999999999953e-02,6.139999999999999902e-01,6.139999999999999902e-01,0.000000000000000000e+00
8.371800000000000000e+04,2.967679999999999723e+02,1.829999999999999960e-01,0.000000000000000000e+00,1.899999999999999953e-02,6.129999999999999893e-01,6.129999999999999893e-01,0.000000000000000000e+00
8.372000000000000000e+04,2.967679999999999723e+02,-0.000000000000000000e+00,0.000000000000000000e+00,1.799999999999999864e-02,7.069999999999999618e-01,7.069999999999999618e-01,0.000000000000000000e+00
8.372200000000000000e+04,2.967679999999999723e+02,-0.000000000000000000e+00,0.000000000000000000e+00,1.700000000000000122e-02,7.099999999999999645e-01,7.099999999999999645e-01,0.000000000000000000e+00
8.372600000000000000e+04,2.967679999999999723e+02,-0.000000000000000000e+00,0.000000000000000000e+00,1.600000000000000033e-02,7.159999999999999698e-01,7.159999999999999698e-01,0.000000000000000000e+00
8.372800000000000000e+04,2.967679999999999723e+02,-0.000000000000000000e+00,0.000000000000000000e+00,1.499999999999999944e-02,7.189999999999999725e-01,7.189999999999999725e-01,0.000000000000000000e+00
8.373000000000000000e+04,2.967679999999999723e+02,3.669999999999999929e-01,0.000000000000000000e+00,1.499999999999999944e-02,5.310000000000000275e-01,5.310000000000000275e-01,0.000000000000000000e+00
8.373200000000000000e+04,2.967690000000000055e+02,3.669999999999999929e-01,0.000000000000000000e+00,1.400000000000000029e-02,5.260000000000000231e-01,5.260000000000000231e-01,0.000000000000000000e+00
8.373400000000000000e+04,2.967690000000000055e+02,1.829999999999999960e-01,0.000000000000000000e+00,1.400000000000000029e-02,6.159999999999999920e-01,6.159999999999999920e-01,0.000000000000000000e+00
8.373600000000000000e+04,2.967690000000000055e+02,1.829999999999999960e-01,0.000000000000000000e+00,1.299999999999999940e-02,6.149999999999999911e-01,6.149999999999999911e-01,0.000000000000000000e+00
8.373800000000000000e+04,2.967699999999999818e+02,1.829999999999999960e-01,0.000000000000000000e+00,1.200000000000000025e-02,6.129999999999999893e-01,6.129999999999999893e-01,0.000000000000000000e+00
8.374000000000000000e+04,2.967699999999999818e+02,1.829999999999999960e-01,0.000000000000000000e+00,1.200000000000000025e-02,6.119999999999999885e-01,6.119999999999999885e-01,0.000000000000000000e+00
8.374200000000000000e+04,2.967699999999999818e+02,-0.000000000000000000e+00,0.000000000000000000e+00,1.200000000000000025e-02,7.059999999999999609e-01,7.059999999999999609e-01,0.000000000000000000e+00
8.374400000000000000e+04,2.967699999999999818e+02,-0.000000000000000000e+00,0.000000000000000000e+00,1.099999999999999936e-02,7.089999999999999636e-01,7.089999999999999636e-01,0.000000000000000000e+00
8.374600000000000000e+04,2.967699999999999818e+02,-0.000000000000000000e+00,0.000000000000000000e+00,1.099999999999999936e-02,7.119999999999999662e-01,7.119999999999999662e-01,0.000000000000000000e+00
8.374800000000000000e+04,2.967699999999999818e+02,-0.000000000000000000e+00,0.000000000000000000e+00,1.000000000000000021e-02,7.149999999999999689e-01,7.149999999999999689e-01,0.000000000000000000e+00
8.375000000000000000e+04,2.967699999999999818e+02,-0.000000000000000000e+00,0.000000000000000000e+00,1.000000000000000021e-02,7.169999999999999707e-01,7.169999999999999707e-01,0.000000000000000000e+00
8.375200000000000000e+04,2.967699999999999818e+02,-0.000000000000000000e+00,0.000000000000000000e+00,8.999999999999999320e-03,7.199999999999999734e-01,7.199999999999999734e-01,0.000000000000000000e+00
8.375600000000000000e+04,2.967710000000000150e+02,5.040000000000000036e-01,0.000000000000000000e+00,8.999999999999999320e-03,4.550000000000000155e-01,4.550000000000000155e-01,0.000000000000000000e+00
8.375800000000000000e+04,2.967719999999999914e+02,3.669999999999999929e-01,0.000000000000000000e+00,8.000000000000000167e-03,5.180000000000000160e-01,5.180000000000000160e-01,0.000000000000000000e+00
8.376000000000000000e+04,2.967719999999999914e+02,3.669999999999999929e-01,0.000000000000000000e+00,8.000000000000000167e-03,5.130000000000000115e-01,5.130000000000000115e-01,0.000000000000000000e+00
8.376200000000000000e+04,2.967719999999999914e+02,1.829999999999999960e-01,0.000000000000000000e+00,8.000000000000000167e-03,6.029999999999999805e-01,6.029999999999999805e-01,0.000000000000000000e+00
8.376600000000000000e+04,2.967719999999999914e+02,1.829999999999999960e-01,0.000000000000000000e+00,7.000000000000000146e-03,5.999999999999999778e-01,5.999999999999999778e-01,0.000000000000000000e+00
8.376800000000000000e+04,2.967719999999999914e+02,-0.000000000000000000e+00,0.000000000000000000e+00,7.000000000000000146e-03,6.939999999999999503e-01,6.939999999999999503e-01,0.000000000000000000e+00
8.377000000000000000e+04,2.967719999999999914e+02,-0.000000000000000000e+00,0.000000000000000000e+00,7.000000000000000146e-03,6.969999999999999529e-01,6.969999999999999529e-01,0.000000000000000000e+00
8.377200000000000000e+04,2.967719999999999914e+02,-0.000000000000000000e+00,0.000000000000000000e+00,6.000000000000000125e-03,6.989999999999999547e-01,6.989999999999999547e-01,0.000000000000000000e+00
8.377400000000000000e+04,2.967719999999999914e+02,-0.000000000000000000e+00,0.000000000000000000e+00,6.000000000000000125e-03,7.019999999999999574e-01,7.019999999999999574e-01,0.000000000000000000e+00
8.377600000000000000e+04,2.967719999999999914e+02,-0.000000000000000000e+00,0.000000000000000000e+00,6.000000000000000125e-03,7.049999999999999600e-01,7.049999999999999600e-01,0.000000000000000000e+00
8.377800000000000000e+04,2.967719999999999914e+02,1.829999999999999960e-01,0.000000000000000000e+00,6.000000000000000125e-03,6.119999999999999885e-01,6.119999999999999885e-01,0.000000000000000000e+00
8.378000000000000000e+04,2.967730000000000246e+02,3.669999999999999929e-01,0.000000000000000000e+00,5.000000000000000104e-03,5.150000000000000133e-01,5.150000000000000133e-01,0.000000000000000000e+00
8.378200000000000000e+04,2.967730000000000246e+02,3.669999999999999929e-01,0.000000000000000000e+00,5.000000000000000104e-03,5.090000000000000080e-01,5.090000000000000080e-01,0.000000000000000000e+00
8.378400000000000000e+04,2.967740000000000009e+02,3.669999999999999929e-01,0.000000000000000000e+00,5.000000000000000104e-03,5.040000000000000036e-01,5.040000000000000036e-01,0.000000000000000000e+00
8.378600000000000000e+04,2.967740000000000009e+02,1.829999999999999960e-01,0.000000000000000000e+00,5.000000000000000104e-03,5.939999999999999725e-01,5.939999999999999725e-01,0.000000000000000000e+00
8.378800000000000000e+04,2.967740000000000009e+02,1.829999999999999960e-01,0.000000000000000000e+00,5.000000000000000104e-03,5.919999999999999707e-01,5.919999999999999707e-01,0.000000000000000000e+00
8.379000000000000000e+04,2.967749999999999773e+02,1.829999999999999960e-01,0.000000000000000000e+00,4.000000000000000083e-03,5.909999999999999698e-01,5.909999999999999698e-01,0.000000000000000000e+00
8.379200000000000000e+04,2.967749999999999773e+02,1.829999999999999960e-01,0.000000000000000000e+00,4.000000000000000083e-03,5.889999999999999680e-01,5.889999999999999680e-01,0.000000000000000000e+00
8.379600000000000000e+04,2.967749999999999773e+02,-0.000000000000000000e+00,0.000000000000000000e+00,4.000000000000000083e-03,6.850000000000000533e-01,6.850000000000000533e-01,0.000000000000000000e+00
8.379800000000000000e+04,2.967749999999999773e+02,-0.000000000000000000e+00,0.000000000000000000e+00,4.000000000000000083e-03,6.879999999999999449e-01,6.879999999999999449e-01,0.000000000000000000e+00
8.380000000000000000e+04,2.967749999999999773e+02,-0.000000000000000000e+00,0.000000000000000000e+00,4.000000000000000083e-03,6.899999999999999467e-01,6.899999999999999467e-01,0.000000000000000000e+00
8.380200000000000000e+04,2.967760000000000105e+02,1.829999999999999960e-01,0.000000000000000000e+00,3.000000000000000062e-03,5.969999999999999751e-01,5.969999999999999751e-01,0.000000000000000000e+00
8.380600000000000000e+04,2.967780000000000200e+02,8.709999999999999964e-01,0.000000000000000000e+00,3.000000000000000062e-03,2.250000000000000056e-01,2.250000000000000056e-01,0.000000000000000000e+00
8.380800000000000000e+04,2.967789999999999964e+02,6.879999999999999449e-01,0.000000000000000000e+00,3.000000000000000062e-03,3.039999999999999925e-01,3.039999999999999925e-01,0.000000000000000000e+00
8.381000000000000000e+04,2.967789999999999964e+02,3.669999999999999929e-01,0.000000000000000000e+00,3.000000000000000062e-03,4.580000000000000182e-01,4.580000000000000182e-01,0.000000000000000000e+00
8.381200000000000000e+04,2.967789999999999964e+02,-0.000000000000000000e+00,0.000000000000000000e+00,3.000000000000000062e-03,6.430000000000000160e-01,6.430000000000000160e-01,0.000000000000000000e+00
8.381400000000000000e+04,2.967789999999999964e+02,1.829999999999999960e-01,0.000000000000000000e+00,3.000000000000000062e-03,5.500000000000000444e-01,5.500000000000000444e-01,0.000000000000000000e+00
8.381600000000000000e+04,2.967799999999999727e+02,1.829999999999999960e-01,0.000000000000000000e+00,3.000000000000000062e-03,5.480000000000000426e-01,5.480000000000000426e-01,0.000000000000000000e+00
8.381800000000000000e+04,2.967799999999999727e+02,1.829999999999999960e-01,0.000000000000000000e+00,3.000000000000000062e-03,5.460000000000000409e-01,5.460000000000000409e-01,0.000000000000000000e+00
8.382000000000000000e+04,2.967799999999999727e+02,1.829999999999999960e-01,0.000000000000000000e+00,2.000000000000000042e-03,5.440000000000000391e-01,5.440000000000000391e-01,0.000000000000000000e+00
8.382200000000000000e+04,2.967799999999999727e+02,1.829999999999999960e-01,0.000000000000000000e+00,2.000000000000000042e-03,5.420000000000000373e-01,5.420000000000000373e-01,0.000000000000000000e+00
8.382400000000000000e+04,2.967810000000000059e+02,1.829999999999999960e-01,0.000000000000000000e+00,2.000000000000000042e-03,5.400000000000000355e-01,5.400000000000000355e-01,0.000000000000000000e+00
8.382600000000000000e+04,2.967810000000000059e+02,1.829999999999999960e-01,0.000000000000000000e+00,2.000000000000000042e-03,5.390000000000000346e-01,5.390000000000000346e-01,0.000000000000000000e+00
8.382800000000000000e+04,2.967810000000000059e+02,-0.000000000000000000e+00,0.000000000000000000e+00,2.000000000000000042e-03,6.320000000000000062e-01,6.320000000000000062e-01,0.000000000000000000e+00
8.383000000000000000e+04,2.967810000000000059e+02,-0.000000000000000000e+00,0.000000000000000000e+00,2.000000000000000042e-03,6.340000000000000080e-01,6.340000000000000080e-01,0.000000000000000000e+00
8.383200000000000000e+04,2.967819999999999823e+02,1.829999999999999960e-01,0.000000000000000000e+00,2.000000000000000042e-03,5.410000000000000364e-01,5.410000000000000364e-01,0.000000000000000000e+00
8.383600000000000000e+04,2.967850000000000250e+02,8.709999999999999964e-01,0.000000000000000000e+00,2.000000000000000042e-03,1.680000000000000104e-01,1.680000000000000104e-01,0.000000000000000000e+00
8.383800000000000000e+04,2.967860000000000014e+02,6.879999999999999449e-01,0.000000000000000000e+00,2.000000000000000042e-03,2.459999999999999964e-01,2.459999999999999964e-01,0.000000000000000000e+00
8.384000000000000000e+04,2.967860000000000014e+02,5.040000000000000036e-01,0.000000000000000000e+00,2.000000000000000042e-03,3.290000000000000147e-01,3.290000000000000147e-01,0.000000000000000000e+00
8.384200000000000000e+04,2.967860000000000014e+02,1.829999999999999960e-01,0.000000000000000000e+00,2.000000000000000042e-03,4.859999999999999876e-01,4.859999999999999876e-01,0.000000000000000000e+00
8.384600000000000000e+04,2.967860000000000014e+02,-0.000000000000000000e+00,0.000000000000000000e+00,1.000000000000000021e-03,5.819999999999999618e-01,5.819999999999999618e-01,0.000000000000000000e+00
8.384800000000000000e+04,2.967860000000000014e+02,1.829999999999999960e-01,0.000000000000000000e+00,1.000000000000000021e-03,4.879999999999999893e-01,4.879999999999999893e-01,0.000000000000000000e+00
8.385000000000000000e+04,2.967860000000000014e+02,-0.000000000000000000e+00,0.000000000000000000e+00,1.000000000000000021e-03,5.809999999999999609e-01,5.809999999999999609e-01,0.000000000000000000e+00
8.385200000000000000e+04,2.967860000000000014e+02,-0.000000000000000000e+00,0.000000000000000000e+00,1.000000000000000021e-03,5.829999999999999627e-01,5.829999999999999627e-01,0.000000000000000000e+00
8.385400000000000000e+04,2.967869999999999777e+02,1.829999999999999960e-01,0.000000000000000000e+00,1.000000000000000021e-03,4.899999999999999911e-01,4.899999999999999911e-01,0.000000000000000000e+00
8.385600000000000000e+04,2.967880000000000109e+02,3.669999999999999929e-01,0.000000000000000000e+00,1.000000000000000021e-03,3.920000000000000151e-01,3.920000000000000151e-01,0.000000000000000000e+00
8.385800000000000000e+04,2.967880000000000109e+02,5.040000000000000036e-01,0.000000000000000000e+00,1.000000000000000021e-03,3.140000000000000013e-01,3.140000000000000013e-01,0.000000000000000000e+00
8.386000000000000000e+04,2.967889999999999873e+02,3.669999999999999929e-01,0.000000000000000000e+00,1.000000000000000021e-03,3.760000000000000009e-01,3.760000000000000009e-01,0.000000000000000000e+00
8.386200000000000000e+04,2.967889999999999873e+02,3.669999999999999929e-01,0.000000000000000000e+00,1.000000000000000021e-03,3.699999999999999956e-01,3.699999999999999956e-01,0.000000000000000000e+00
8.386400000000000000e+04,2.967889999999999873e+02,1.829999999999999960e-01,0.000000000000000000e+00,1.000000000000000021e-03,4.590000000000000191e-01,4.590000000000000191e-01,0.000000000000000000e+00
8.386600000000000000e+04,2.967889999999999873e+02,1.829999999999999960e-01,0.000000000000000000e+00,1.000000000000000021e-03,4.570000000000000173e-01,4.570000000000000173e-01,0.000000000000000000e+00
8.386800000000000000e+04,2.967889999999999873e+02,-0.000000000000000000e+00,0.000000000000000000e+00,1.000000000000000021e-03,5.500000000000000444e-01,5.500000000000000444e-01,0.000000000000000000e+00
8.387000000000000000e+04,2.967889999999999873e+02,-0.000000000000000000e+00,0.000000000000000000e+00,1.000000000000000021e-03,5.520000000000000462e-01,5.520000000000000462e-01,0.000000000000000000e+00
8.387200000000000000e+04,2.967889999999999873e+02,-0.000000000000000000e+00,0.000000000000000000e+00,1.000000000000000021e-03,5.530000000000000471e-01,5.530000000000000471e-01,0.000000000000000000e+00
8.387600000000000000e+04,2.967889999999999873e+02,-0.000000000000000000e+00,0.000000000000000000e+00,1.000000000000000021e-03,5.570000000000000506e-01,5.570000000000000506e-01,0.000000000000000000e+00
8.387800000000000000e+04,2.967889999999999873e+02,-0.000000000000000000e+00,0.000000000000000000e+00,1.000000000000000021e-03,5.580000000000000515e-01,5.580000000000000515e-01,0.000000000000000000e+00
8.388000000000000000e+04,2.967900000000000205e+02,3.669999999999999929e-01,0.000000000000000000e+00,1.000000000000000021e-03,3.689999999999999947e-01,3.689999999999999947e-01,0.000000000000000000e+00
8.388200000000000000e+04,2.967900000000000205e+02,3.669999999999999929e-01,0.000000000000000000e+00,1.000000000000000021e-03,3.629999999999999893e-01,3.629999999999999893e-01,0.000000000000000000e+00
8.388600000000000000e+04,2.967909999999999968e+02,1.829999999999999960e-01,0.000000000000000000e+00,1.000000000000000021e-03,4.490000000000000102e-01,4.490000000000000102e-01,0.000000000000000000e+00
8.388800000000000000e+04,2.967909999999999968e+02,1.829999999999999960e-01,0.000000000000000000e+00,1.000000000000000021e-03,4.470000000000000084e-01,4.470000000000000084e-01,0.000000000000000000e+00
8.389000000000000000e+04,2.967909999999999968e+02,-0.000000000000000000e+00,0.000000000000000000e+00,1.000000000000000021e-03,5.400000000000000355e-01,5.400000000000000355e-01,0.000000000000000000e+00
8.389200000000000000e+04,2.967909999999999968e+02,-0.000000000000000000e+00,0.000000000000000000e+00,1.000000000000000021e-03,5.420000000000000373e-01,5.420000000000000373e-01,0.000000000000000000e+00
8.389400000000000000e+04,2.967909999999999968e+02,-0.000000000000000000e+00,0.000000000000000000e+00,1.000000000000000021e-03,5.430000000000000382e-01,5.430000000000000382e-01,0.000000000000000000e+00
8.389600000000000000e+04,2.967909999999999968e+02,-0.000000000000000000e+00,0.000000000000000000e+00,1.000000000000000021e-03,5.450000000000000400e-01,5.450000000000000400e-01,0.000000000000000000e+00
8.389800000000000000e+04,2.967909999999999968e+02,-0.000000000000000000e+00,0.000000000000000000e+00,1.000000000000000021e-03,5.460000000000000409e-01,5.460000000000000409e-01,0.000000000000000000e+00
8.390000000000000000e+04,2.967909999999999968e+02,-1.155000000000000071e+01,0.000000000000000000e+00,0.000000000000000000e+00,6.000000000000000000e+00,6.549000000000000377e+00,1.000000000000000000e+00
8.390200000000000000e+04,2.967970000000000255e+02,2.520999999999999908e+00,0.000000000000000000e+00,0.000000000000000000e+00,-5.420000000000000373e-01,-5.420000000000000373e-01,0.000000000000000000e+00
8.390400000000000000e+04,2.968260000000000218e+02,1.379599999999999937e+01,0.000000000000000000e+00,0.000000000000000000e+00,-6.000000000000000000e+00,-6.448999999999999844e+00,1.000000000000000000e+00
8.390600000000000000e+04,2.968580000000000041e+02,1.594999999999999929e+01,0.000000000000000000e+00,0.000000000000000000e+00,-6.000000000000000000e+00,-7.825000000000000178e+00,1.000000000000000000e+00
8.390800000000000000e+04,2.968759999999999764e+02,1.278800000000000026e+01,0.000000000000000000e+00,0.000000000000000000e+00,-6.000000000000000000e+00,-6.426999999999999602e+00,1.000000000000000000e+00
8.391000000000000000e+04,2.968790000000000191e+02,2.200000000000000178e+00,0.000000000000000000e+00,0.000000000000000000e+00,-1.177000000000000046e+00,-1.177000000000000046e+00,0.000000000000000000e+00
8.391200000000000000e+04,2.968679999999999950e+02,-4.996000000000000441e+00,0.000000000000000000e+00,0.000000000000000000e+00,2.521999999999999797e+00,2.521999999999999797e+00,0.000000000000000000e+00
8.391600000000000000e+04,2.968380000000000223e+02,-7.011999999999999567e+00,0.000000000000000000e+00,0.000000000000000000e+00,3.861000000000000210e+00,3.861000000000000210e+00,0.000000000000000000e+00
8.391800000000000000e+04,2.968340000000000032e+02,-2.475000000000000089e+00,0.000000000000000000e+00,0.000000000000000000e+00,1.655999999999999917e+00,1.655999999999999917e+00,0.000000000000000000e+00
8.392000000000000000e+04,2.968430000000000177e+02,4.033000000000000362e+00,0.000000000000000000e+00,0.000000000000000000e+00,-1.675000000000000044e+00,-1.675000000000000044e+00,0.000000000000000000e+00
8.392200000000000000e+04,2.968530000000000086e+02,5.408000000000000362e+00,0.000000000000000000e+00,0.000000000000000000e+00,-2.476999999999999869e+00,-2.476999999999999869e+00,0.000000000000000000e+00
8.392600000000000000e+04,2.968629999999999995e+02,1.879000000000000004e+00,0.000000000000000000e+00,0.000000000000000000e+00,-8.389999999999999680e-01,-8.389999999999999680e-01,0.000000000000000000e+00
8.392800000000000000e+04,2.968609999999999900e+02,-6.420000000000000151e-01,0.000000000000000000e+00,0.000000000000000000e+00,4.339999999999999969e-01,4.339999999999999969e-01,0.000000000000000000e+00
8.393000000000000000e+04,2.968580000000000041e+02,-1.649999999999999911e+00,0.000000000000000000e+00,0.000000000000000000e+00,9.749999999999999778e-01,9.749999999999999778e-01,0.000000000000000000e+00
8.393200000000000000e+04,2.968550000000000182e+02,-1.328999999999999959e+00,0.000000000000000000e+00,0.000000000000000000e+00,8.459999999999999742e-01,8.459999999999999742e-01,0.000000000000000000e+00
8.393400000000000000e+04,2.968530000000000086e+02,-8.249999999999999556e-01,0.000000000000000000e+00,0.000000000000000000e+00,6.149999999999999911e-01,6.149999999999999911e-01,0.000000000000000000e+00
8.393600000000000000e+04,2.968519999999999754e+02,-4.580000000000000182e-01,0.000000000000000000e+00,0.000000000000000000e+00,4.440000000000000058e-01,4.440000000000000058e-01,0.000000000000000000e+00
8.393800000000000000e+04,2.968519999999999754e+02,-0.000000000000000000e+00,0.000000000000000000e+00,0.000000000000000000e+00,2.179999999999999993e-01,2.179999999999999993e-01,0.000000000000000000e+00
8.394000000000000000e+04,2.968519999999999754e+02,1.829999999999999960e-01,0.000000000000000000e+00,0.000000000000000000e+00,1.239999999999999991e-01,1.239999999999999991e-01,0.000000000000000000e+00
8.394200000000000000e+04,2.968519999999999754e+02,-0.000000000000000000e+00,0.000000000000000000e+00,0.000000000000000000e+00,2.179999999999999993e-01,2.179999999999999993e-01,0.000000000000000000e+00
8.394400000000000000e+04,2.968519999999999754e+02,1.829999999999999960e-01,0.000000000000000000e+00,0.000000000000000000e+00,1.250000000000000000e-01,1.250000000000000000e-01,0.000000000000000000e+00
8.394600000000000000e+04,2.968519999999999754e+02,1.829999999999999960e-01,0.000000000000000000e+00,0.000000000000000000e+00,1.229999999999999982e-01,1.229999999999999982e-01,0.000000000000000000e+00
8.394800000000000000e+04,2.968519999999999754e+02,-0.000000000000000000e+00,0.000000000000000000e+00,0.000000000000000000e+00,2.169999999999999984e-01,2.169999999999999984e-01,0.000000000000000000e+00
8.395000000000000000e+04,2.968519999999999754e+02,-0.000000000000000000e+00,0.000000000000000000e+00,0.000000000000000000e+00,2.190000000000000002e-01,2.190000000000000002e-01,0.000000000000000000e+00
8.395200000000000000e+04,2.968519999999999754e+02,-0.000000000000000000e+00,0.000000000000000000e+00,0.000000000000000000e+00,2.210000000000000020e-01,2.210000000000000020e-01,0.000000000000000000e+00
8.395600000000000000e+04,2.968519999999999754e+02,-0.000000000000000000e+00,0.000000000000000000e+00,0.000000000000000000e+00,2.250000000000000056e-01,2.250000000000000056e-01,0.000000000000000000e+00
8.395800000000000000e+04,2.968519999999999754e+02,-0.000000000000000000e+00,0.000000000000000000e+00,0.000000000000000000e+00,2.280000000000000082e-01,2.280000000000000082e-01,0.000000000000000000e+00
8.396000000000000000e+04,2.968519999999999754e+02,-0.000000000000000000e+00,0.000000000000000000e+00,0.000000000000000000e+00,2.300000000000000100e-01,2.300000000000000100e-01,0.000000000000000000e+00
8.396200000000000000e+04,2.968519999999999754e+02,1.829999999999999960e-01,0.000000000000000000e+00,0.000000000000000000e+00,1.360000000000000098e-01,1.360000000000000098e-01,0.000000000000000000e+00
8.396600000000000000e+04,2.968519999999999754e+02,-0.000000000000000000e+00,0.000000000000000000e+00,0.000000000000000000e+00,2.320000000000000118e-01,2.320000000000000118e-01,0.000000000000000000e+00
8.396800000000000000e+04,2.968519999999999754e+02,1.829999999999999960e-01,0.000000000000000000e+00,0.000000000000000000e+00,1.390000000000000124e-01,1.390000000000000124e-01,0.000000000000000000e+00
8.397000000000000000e+04,2.968519999999999754e+02,1.829999999999999960e-01,0.000000000000000000e+00,0.000000000000000000e+00,1.370000000000000107e-01,1.370000000000000107e-01,0.000000000000000000e+00
8.397200000000000000e+04,2.968519999999999754e+02,-0.000000000000000000e+00,0.000000000000000000e+00,0.000000000000000000e+00,2.310000000000000109e-01,2.310000000000000109e-01,0.000000000000000000e+00
8.397400000000000000e+04,2.968519999999999754e+02,-0.000000000000000000e+00,0.000000000000000000e+00,0.000000000000000000e+00,2.330000000000000127e-01,2.330000000000000127e-01,0.000000000000000000e+00
8.397600000000000000e+04,2.968519999999999754e+02,-0.000000000000000000e+00,0.000000000000000000e+00,0.000000000000000000e+00,2.349999999999999867e-01,2.349999999999999867e-01,0.000000000000000000e+00
8.397800000000000000e+04,2.968519999999999754e+02,-0.000000000000000000e+00,0.000000000000000000e+00,0.000000000000000000e+00,2.369999999999999885e-01,2.369999999999999885e-01,0.000000000000000000e+00
8.398000000000000000e+04,2.968519999999999754e+02,-0.000000000000000000e+00,0.000000000000000000e+00,0.000000000000000000e+00,2.389999999999999902e-01,2.389999999999999902e-01,0.000000000000000000e+00
8.398200000000000000e+04,2.968519999999999754e+02,-0.000000000000000000e+00,0.000000000000000000e+00,0.000000000000000000e+00,2.409999999999999920e-01,2.409999999999999920e-01,0.000000000000000000e+00
8.398400000000000000e+04,2.968519999999999754e+02,-0.000000000000000000e+00,0.000000000000000000e+00,0.000000000000000000e+00,2.429999999999999938e-01,2.429999999999999938e-01,0.000000000000000000e+00
8.398600000000000000e+04,2.968519999999999754e+02,-0.000000000000000000e+00,0.000000000000000000e+00,0.000000000000000000e+00,2.459999999999999964e-01,2.459999999999999964e-01,0.000000000000000000e+00
8.398800000000000000e+04,2.968519999999999754e+02,-0.000000000000000000e+00,0.000000000000000000e+00,0.000000000000000000e+00,2.479999999999999982e-01,2.479999999999999982e-01,0.000000000000000000e+00
8.399000000000000000e+04,2.968519999999999754e+02,-0.000000000000000000e+00,0.000000000000000000e+00,0.000000000000000000e+00,2.500000000000000000e-01,2.500000000000000000e-01,0.000000000000000000e+00
8.399200000000000000e+04,2.968519999999999754e+02,-0.000000000000000000e+00,0.000000000000000000e+00,0.000000000000000000e+00,2.520000000000000018e-01,2.520000000000000018e-01,0.000000000000000000e+00
8.399600000000000000e+04,2.968519999999999754e+02,-0.000000000000000000e+00,0.000000000000000000e+00,0.000000000000000000e+00,2.560000000000000053e-01,2.560000000000000053e-01,0.000000000000000000e+00
8.399800000000000000e+04,2.968519999999999754e+02,-0.000000000000000000e+00,0.000000000000000000e+00,0.000000000000000000e+00,2.580000000000000071e-01,2.580000000000000071e-01,0.000000000000000000e+00
8.400000000000000000e+04,2.968519999999999754e+02,-0.000000000000000000e+00,0.000000000000000000e+00,0.000000000000000000e+00,2.610000000000000098e-01,2.610000000000000098e-01,0.000000000000000000e+00
8.400200000000000000e+04,2.968519999999999754e+02,-0.000000000000000000e+00,0.000000000000000000e+00,0.000000000000000000e+00,2.630000000000000115e-01,2.630000000000000115e-01,0.000000000000000000e+00
8.400600000000000000e+04,2.968519999999999754e+02,-0.000000000000000000e+00,0.000000000000000000e+00,0.000000000000000000e+00,2.670000000000000151e-01,2.670000000000000151e-01,0.000000000000000000e+00
8.400800000000000000e+04,2.968519999999999754e+02,-0.000000000000000000e+00,0.000000000000000000e+00,0.000000000000000000e+00,2.690000000000000169e-01,2.690000000000000169e-01,0.000000000000000000e+00
8.401000000000000000e+04,2.968519999999999754e+02,-0.000000000000000000e+00,0.000000000000000000e+00,0.000000000000000000e+00,2.710000000000000187e-01,2.710000000000000187e-01,0.000000000000000000e+00
8.401200000000000000e+04,2.968519999999999754e+02,-0.000000000000000000e+00,0.000000000000000000e+00,0.000000000000000000e+00,2.730000000000000204e-01,2.730000000000000204e-01,0.000000000000000000e+00
8.401400000000000000e+04,2.968519999999999754e+02,-0.000000000000000000e+00,0.000000000000000000e+00,0.000000000000000000e+00,2.760000000000000231e-01,2.760000000000000231e-01,0.000000000000000000e+00
8.401600000000000000e+04,2.968519999999999754e+02,3.669999999999999929e-01,0.000000000000000000e+00,0.000000000000000000e+00,8.699999999999999400e-02,8.699999999999999400e-02,0.000000000000000000e+00
8.401800000000000000e+04,2.968519999999999754e+02,1.829999999999999960e-01,0.000000000000000000e+00,0.000000000000000000e+00,1.759999999999999898e-01,1.759999999999999898e-01,0.000000000000000000e+00
8.402000000000000000e+04,2.968519999999999754e+02,-0.000000000000000000e+00,0.000000000000000000e+00,0.000000000000000000e+00,2.700000000000000178e-01,2.700000000000000178e-01,0.000000000000000000e+00
8.402200000000000000e+04,2.968519999999999754e+02,-0.000000000000000000e+00,0.000000000000000000e+00,0.000000000000000000e+00,2.720000000000000195e-01,2.720000000000000195e-01,0.000000000000000000e+00
8.402400000000000000e+04,2.968519999999999754e+02,-0.000000000000000000e+00,0.000000000000000000e+00,0.000000000000000000e+00,2.740000000000000213e-01,2.740000000000000213e-01,0.000000000000000000e+00
8.402600000000000000e+04,2.968519999999999754e+02,-0.000000000000000000e+00,0.000000000000000000e+00,0.000000000000000000e+00,2.760000000000000231e-01,2.760000000000000231e-01,0.000000000000000000e+00
8.402800000000000000e+04,2.968519999999999754e+02,-0.000000000000000000e+00,0.000000000000000000e+00,0.000000000000000000e+00,2.780000000000000249e-01,2.780000000000000249e-01,0.000000000000000000e+00
8.403000000000000000e+04,2.968519999999999754e+02,-0.000000000000000000e+00,0.000000000000000000e+00,0.000000000000000000e+00,2.800000000000000266e-01,2.800000000000000266e-01,0.000000000000000000e+00
8.403200000000000000e+04,2.968530000000000086e+02,1.829999999999999960e-01,0.000000000000000000e+00,0.000000000000000000e+00,1.869999999999999996e-01,1.869999999999999996e-01,0.000000000000000000e+00
8.403600000000000000e+04,2.968530000000000086e+02,-0.000000000000000000e+00,0.000000000000000000e+00,0.000000000000000000e+00,2.790000000000000258e-01,2.790000000000000258e-01,0.000000000000000000e+00
8.403800000000000000e+04,2.968530000000000086e+02,-0.000000000000000000e+00,0.000000000000000000e+00,0.000000000000000000e+00,2.810000000000000275e-01,2.810000000000000275e-01,0.000000000000000000e+00
8.404000000000000000e+04,2.968530000000000086e+02,-0.000000000000000000e+00,0.000000000000000000e+00,0.000000000000000000e+00,2.829999999999999738e-01,2.829999999999999738e-01,0.000000000000000000e+00
8.404200000000000000e+04,2.968530000000000086e+02,-0.000000000000000000e+00,0.000000000000000000e+00,0.000000000000000000e+00,2.849999999999999756e-01,2.849999999999999756e-01,0.000000000000000000e+00
8.404600000000000000e+04,2.968530000000000086e+02,3.669999999999999929e-01,0.000000000000000000e+00,0.000000000000000000e+00,9.400000000000000022e-02,9.400000000000000022e-02,0.000000000000000000e+00
8.404800000000000000e+04,2.968530000000000086e+02,1.829999999999999960e-01,0.000000000000000000e+00,0.000000000000000000e+00,1.829999999999999960e-01,1.829999999999999960e-01,0.000000000000000000e+00
8.405000000000000000e+04,2.968539999999999850e+02,1.829999999999999960e-01,0.000000000000000000e+00,0.000000000000000000e+00,1.809999999999999942e-01,1.809999999999999942e-01,0.000000000000000000e+00
8.405200000000000000e+04,2.968539999999999850e+02,1.829999999999999960e-01,0.000000000000000000e+00,0.000000000000000000e+00,1.789999999999999925e-01,1.789999999999999925e-01,0.000000000000000000e+00
8.405400000000000000e+04,2.968539999999999850e+02,1.829999999999999960e-01,0.000000000000000000e+00,0.000000000000000000e+00,1.769999999999999907e-01,1.769999999999999907e-01,0.000000000000000000e+00
8.405600000000000000e+04,2.968539999999999850e+02,-0.000000000000000000e+00,0.000000000000000000e+00,0.000000000000000000e+00,2.710000000000000187e-01,2.710000000000000187e-01,0.000000000000000000e+00
8.405800000000000000e+04,2.968539999999999850e+02,-0.000000000000000000e+00,0.000000000000000000e+00,0.000000000000000000e+00,2.730000000000000204e-01,2.730000000000000204e-01,0.000000000000000000e+00
8.406000000000000000e+04,2.968539999999999850e+02,-0.000000000000000000e+00,0.000000000000000000e+00,0.000000000000000000e+00,2.750000000000000222e-01,2.750000000000000222e-01,0.000000000000000000e+00
8.406200000000000000e+04,2.968539999999999850e+02,-0.000000000000000000e+00,0.000000000000000000e+00,0.000000000000000000e+00,2.770000000000000240e-01,2.770000000000000240e-01,0.000000000000000000e+00
8.406400000000000000e+04,2.968539999999999850e+02,-0.000000000000000000e+00,0.000000000000000000e+00,0.000000000000000000e+00,2.790000000000000258e-01,2.790000000000000258e-01,0.000000000000000000e+00
8.406600000000000000e+04,2.968539999999999850e+02,-0.000000000000000000e+00,0.000000000000000000e+00,0.000000000000000000e+00,2.800000000000000266e-01,2.800000000000000266e-01,0.000000000000000000e+00
8.406800000000000000e+04,2.968539999999999850e+02,-0.000000000000000000e+00,0.000000000000000000e+00,0.000000000000000000e+00,2.819999999999999729e-01,2.819999999999999729e-01,0.000000000000000000e+00
8.407000000000000000e+04,2.968539999999999850e+02,-0.000000000000000000e+00,0.000000000000000000e+00,0.000000000000000000e+00,2.839999999999999747e-01,2.839999999999999747e-01,0.000000000000000000e+00
8.407200000000000000e+04,2.968539999999999850e+02,-0.000000000000000000e+00,0.000000000000000000e+00,0.000000000000000000e+00,2.859999999999999765e-01,2.859999999999999765e-01,0.000000000000000000e+00
8.407600000000000000e+04,2.968550000000000182e+02,3.669999999999999929e-01,0.000000000000000000e+00,0.000000000000000000e+00,9.500000000000000111e-02,9.500000000000000111e-02,0.000000000000000000e+00
8.407800000000000000e+04,2.968550000000000182e+02,1.829999999999999960e-01,0.000000000000000000e+00,0.000000000000000000e+00,1.849999999999999978e-01,1.849999999999999978e-01,0.000000000000000000e+00
8.408000000000000000e+04,2.968559999999999945e+02,1.829999999999999960e-01,0.000000000000000000e+00,0.000000000000000000e+00,1.829999999999999960e-01,1.829999999999999960e-01,0.000000000000000000e+00
8.408200000000000000e+04,2.968550000000000182e+02,-0.000000000000000000e+00,0.000000000000000000e+00,0.000000000000000000e+00,2.760000000000000231e-01,2.760000000000000231e-01,0.000000000000000000e+00
8.408600000000000000e+04,2.968550000000000182e+02,-0.000000000000000000e+00,0.000000000000000000e+00,0.000000000000000000e+00,2.800000000000000266e-01,2.800000000000000266e-01,0.000000000000000000e+00
8.408800000000000000e+04,2.968550000000000182e+02,-0.000000000000000000e+00,0.000000000000000000e+00,0.000000000000000000e+00,2.819999999999999729e-01,2.819999999999999729e-01,0.000000000000000000e+00
8.409000000000000000e+04,2.968550000000000182e+02,-0.000000000000000000e+00,0.000000000000000000e+00,0.000000000000000000e+00,2.829999999999999738e-01,2.829999999999999738e-01,0.000000000000000000e+00
8.409200000000000000e+04,2.968550000000000182e+02,-0.000000000000000000e+00,0.000000000000000000e+00,0.000000000000000000e+00,2.849999999999999756e-01,2.849999999999999756e-01,0.000000000000000000e+00
8.409400000000000000e+04,2.968550000000000182e+02,-0.000000000000000000e+00,0.000000000000000000e+00,0.000000000000000000e+00,2.869999999999999774e-01,2.869999999999999774e-01,0.000000000000000000e+00
8.409600000000000000e+04,2.968550000000000182e+02,-0.000000000000000000e+00,0.000000000000000000e+00,0.000000000000000000e+00,2.889999999999999791e-01,2.889999999999999791e-01,0.000000000000000000e+00
8.409800000000000000e+04,2.968550000000000182e+02,-0.000000000000000000e+00,0.000000000000000000e+00,0.000000000000000000e+00,2.909999999999999809e-01,2.909999999999999809e-01,0.000000000000000000e+00
8.410000000000000000e+04,2.968550000000000182e+02,1.829999999999999960e-01,0.000000000000000000e+00,0.000000000000000000e+00,1.980000000000000093e-01,1.980000000000000093e-01,0.000000000000000000e+00
8.410200000000000000e+04,2.968550000000000182e+02,-0.000000000000000000e+00,0.000000000000000000e+00,0.000000000000000000e+00,2.909999999999999809e-01,2.909999999999999809e-01,0.000000000000000000e+00
8.410400000000000000e+04,2.968550000000000182e+02,-0.000000000000000000e+00,0.000000000000000000e+00,0.000000000000000000e+00,2.929999999999999827e-01,2.929999999999999827e-01,0.000000000000000000e+00
8.410600000000000000e+04,2.968550000000000182e+02,-0.000000000000000000e+00,0.000000000000000000e+00,0.000000000000000000e+00,2.949999999999999845e-01,2.949999999999999845e-01,0.000000000000000000e+00
8.410800000000000000e+04,2.968550000000000182e+02,-0.000000000000000000e+00,0.000000000000000000e+00,0.000000000000000000e+00,2.959999999999999853e-01,2.959999999999999853e-01,0.000000000000000000e+00
8.411000000000000000e+04,2.968559999999999945e+02,-0.000000000000000000e+00,0.000000000000000000e+00,0.000000000000000000e+00,2.979999999999999871e-01,2.979999999999999871e-01,0.000000000000000000e+00
8.411200000000000000e+04,2.968559999999999945e+02,3.669999999999999929e-01,0.000000000000000000e+00,0.000000000000000000e+00,1.089999999999999997e-01,1.089999999999999997e-01,0.000000000000000000e+00
8.411600000000000000e+04,2.968570000000000277e+02,1.829999999999999960e-01,0.000000000000000000e+00,0.000000000000000000e+00,1.920000000000000040e-01,1.920000000000000040e-01,0.000000000000000000e+00
8.411800000000000000e+04,2.968570000000000277e+02,1.829999999999999960e-01,0.000000000000000000e+00,0.000000000000000000e+00,1.900000000000000022e-01,1.900000000000000022e-01,0.000000000000000000e+00
8.412000000000000000e+04,2.968570000000000277e+02,1.829999999999999960e-01,0.000000000000000000e+00,0.000000000000000000e+00,1.880000000000000004e-01,1.880000000000000004e-01,0.000000000000000000e+00
8.412200000000000000e+04,2.968570000000000277e+02,-0.000000000000000000e+00,0.000000000000000000e+00,0.000000000000000000e+00,2.810000000000000275e-01,2.810000000000000275e-01,0.000000000000000000e+00
8.412600000000000000e+04,2.968570000000000277e+02,-0.000000000000000000e+00,0.000000000000000000e+00,0.000000000000000000e+00,2.849999999999999756e-01,2.849999999999999756e-01,0.000000000000000000e+00
8.412800000000000000e+04,2.968570000000000277e+02,-0.000000000000000000e+00,0.000000000000000000e+00,0.000000000000000000e+00,2.859999999999999765e-01,2.859999999999999765e-01,0.000000000000000000e+00
