f7_tick_ms,position_mm,measured_velocity_mm_s,applied_mpc_velocity_mm_s,dob_model_velocity_mm_s,controller_current_A,unsaturated_controller_current_A,saturated
8.445700000000000000e+04,5.197338867187500000e+02,-0.000000000000000000e+00,-8.250000000000000000e+02,-3.234870910644531250e+01,-1.000000000000000000e+01,-2.005835723876953125e+01,1.000000000000000000e+00
8.445800000000000000e+04,5.197335205078125000e+02,-0.000000000000000000e+00,-8.250000000000000000e+02,-6.342900848388671875e+01,-1.000000000000000000e+01,-2.322232437133789062e+01,1.000000000000000000e+00
8.446000000000000000e+04,5.197103881835937500e+02,-9.716666221618652344e+00,-8.250000000000000000e+02,-9.329063415527343750e+01,-1.000000000000000000e+01,-2.510003852844238281e+01,1.000000000000000000e+00
8.446200000000000000e+04,5.196408691406250000e+02,-3.254166412353515625e+01,-8.250000000000000000e+02,-1.219813690185546875e+02,-1.000000000000000000e+01,-2.529435539245605469e+01,1.000000000000000000e+00
8.446400000000000000e+04,5.195395507812500000e+02,-5.014166641235351562e+01,-8.250000000000000000e+02,-1.495471191406250000e+02,-1.000000000000000000e+01,-2.600755500793457031e+01,1.000000000000000000e+00
8.446600000000000000e+04,5.193874511718750000e+02,-7.315000152587890625e+01,-8.250000000000000000e+02,-1.760319976806640625e+02,-1.000000000000000000e+01,-2.596999931335449219e+01,1.000000000000000000e+00
8.446800000000000000e+04,5.191900634765625000e+02,-9.262916564941406250e+01,-8.250000000000000000e+02,-2.014783935546875000e+02,-1.000000000000000000e+01,-2.625679588317871094e+01,1.000000000000000000e+00
8.447000000000000000e+04,5.189688720703125000e+02,-1.117416687011718750e+02,-8.250000000000000000e+02,-2.259270172119140625e+02,-1.000000000000000000e+01,-2.649218368530273438e+01,1.000000000000000000e+00
8.447200000000000000e+04,5.186905517578125000e+02,-1.308999938964843750e+02,-8.250000000000000000e+02,-2.494170074462890625e+02,-1.000000000000000000e+01,-2.663042831420898438e+01,1.000000000000000000e+00
8.447400000000000000e+04,5.183740234375000000e+02,-1.565666656494140625e+02,-8.250000000000000000e+02,-2.719859313964843750e+02,-1.000000000000000000e+01,-2.590216827392578125e+01,1.000000000000000000e+00
8.447700000000000000e+04,5.180158081054687500e+02,-1.747166595458984375e+02,-8.250000000000000000e+02,-2.936699218750000000e+02,-1.000000000000000000e+01,-2.599081420898437500e+01,1.000000000000000000e+00
8.447800000000000000e+04,5.176069335937500000e+02,-1.976791687011718750e+02,-8.250000000000000000e+02,-3.145036621093750000e+02,-1.000000000000000000e+01,-2.542208480834960938e+01,1.000000000000000000e+00
8.448000000000000000e+04,5.172007446289062500e+02,-2.170208282470703125e+02,-8.250000000000000000e+02,-3.345205078125000000e+02,-1.000000000000000000e+01,-2.520969772338867188e+01,1.000000000000000000e+00
8.448200000000000000e+04,5.167388305664062500e+02,-2.289375000000000000e+02,-8.250000000000000000e+02,-3.537525024414062500e+02,-1.000000000000000000e+01,-2.581030464172363281e+01,1.000000000000000000e+00
8.448400000000000000e+04,5.162409667968750000e+02,-2.433750000000000000e+02,-8.250000000000000000e+02,-3.722304077148437500e+02,-1.000000000000000000e+01,-2.603444862365722656e+01,1.000000000000000000e+00
8.448600000000000000e+04,5.157247314453125000e+02,-2.584541625976562500e+02,-8.250000000000000000e+02,-3.899837646484375000e+02,-1.000000000000000000e+01,-2.611078643798828125e+01,1.000000000000000000e+00
8.448800000000000000e+04,5.151530151367187500e+02,-2.755958251953125000e+02,-8.250000000000000000e+02,-4.070410156250000000e+02,-1.000000000000000000e+01,-2.587239837646484375e+01,1.000000000000000000e+00
8.449000000000000000e+04,5.145662231445312500e+02,-2.910416870117187500e+02,-8.250000000000000000e+02,-4.234294433593750000e+02,-1.000000000000000000e+01,-2.577226066589355469e+01,1.000000000000000000e+00
8.449200000000000000e+04,5.139421386718750000e+02,-3.061208190917968750e+02,-8.250000000000000000e+02,-4.391752319335937500e+02,-1.000000000000000000e+01,-2.565328216552734375e+01,1.000000000000000000e+00
8.449400000000000000e+04,5.132929687500000000e+02,-3.185416870117187500e+02,-8.250000000000000000e+02,-4.543036499023437500e+02,-1.000000000000000000e+01,-2.579188537597656250e+01,1.000000000000000000e+00
8.449700000000000000e+04,5.126507568359375000e+02,-3.343083190917968750e+02,-8.250000000000000000e+02,-4.688388671875000000e+02,-1.000000000000000000e+01,-2.547130012512207031e+01,1.000000000000000000e+00
8.449800000000000000e+04,5.118685913085937500e+02,-3.457208251953125000e+02,-8.250000000000000000e+02,-4.828041381835937500e+02,-1.000000000000000000e+01,-2.561606788635253906e+01,1.000000000000000000e+00
8.450000000000000000e+04,5.112260742187500000e+02,-3.566291809082031250e+02,-8.250000000000000000e+02,-4.962218017578125000e+02,-1.000000000000000000e+01,-2.576623153686523438e+01,1.000000000000000000e+00
8.450200000000000000e+04,5.104586791992187500e+02,-3.697374877929687500e+02,-8.250000000000000000e+02,-5.091134033203125000e+02,-1.000000000000000000e+01,-2.560033607482910156e+01,1.000000000000000000e+00
8.450400000000000000e+04,5.097080688476562500e+02,-3.814708251953125000e+02,-8.250000000000000000e+02,-5.214995117187500000e+02,-1.000000000000000000e+01,-2.554885864257812500e+01,1.000000000000000000e+00
8.450600000000000000e+04,5.089205322265625000e+02,-3.935708312988281250e+02,-8.250000000000000000e+02,-5.333999633789062500e+02,-1.000000000000000000e+01,-2.540493965148925781e+01,1.000000000000000000e+00
8.450800000000000000e+04,5.080960693359375000e+02,-4.059916687011718750e+02,-8.250000000000000000e+02,-5.448337402343750000e+02,-1.000000000000000000e+01,-2.517609596252441406e+01,1.000000000000000000e+00
8.451000000000000000e+04,5.072605285644531250e+02,-4.172666625976562500e+02,-8.250000000000000000e+02,-5.558192138671875000e+02,-1.000000000000000000e+01,-2.503970336914062500e+01,1.000000000000000000e+00
8.451200000000000000e+04,5.064118957519531250e+02,-4.295041809082031250e+02,-8.250000000000000000e+02,-5.663739013671875000e+02,-1.000000000000000000e+01,-2.474489974975585938e+01,1.000000000000000000e+00
8.451400000000000000e+04,5.055307006835937500e+02,-4.402291564941406250e+02,-8.250000000000000000e+02,-5.765147705078125000e+02,-1.000000000000000000e+01,-2.458978843688964844e+01,1.000000000000000000e+00
8.451700000000000000e+04,5.046152648925781250e+02,-4.540250244140625000e+02,-8.250000000000000000e+02,-5.862579956054687500e+02,-1.000000000000000000e+01,-2.402719879150390625e+01,1.000000000000000000e+00
8.451800000000000000e+04,5.036622314453125000e+02,-4.645666809082031250e+02,-8.250000000000000000e+02,-5.956192016601562500e+02,-1.000000000000000000e+01,-2.381639289855957031e+01,1.000000000000000000e+00
8.452000000000000000e+04,5.027185974121093750e+02,-4.786833190917968750e+02,-8.250000000000000000e+02,-6.046133422851562500e+02,-1.000000000000000000e+01,-2.314079093933105469e+01,1.000000000000000000e+00
8.452200000000000000e+04,5.017088317871093750e+02,-4.926166687011718750e+02,-8.250000000000000000e+02,-6.132548217773437500e+02,-1.000000000000000000e+01,-2.245271110534667969e+01,1.000000000000000000e+00
8.452400000000000000e+04,5.006936950683593750e+02,-5.046708374023437500e+02,-8.250000000000000000e+02,-6.215574340820312500e+02,-1.000000000000000000e+01,-2.195627975463867188e+01,1.000000000000000000e+00
8.452600000000000000e+04,4.996533813476562500e+02,-5.197958374023437500e+02,-8.250000000000000000e+02,-6.295344848632812500e+02,-1.000000000000000000e+01,-2.106002616882324219e+01,1.000000000000000000e+00
8.452800000000000000e+04,4.985768127441406250e+02,-5.334083251953125000e+02,-8.250000000000000000e+02,-6.371987915039062500e+02,-1.000000000000000000e+01,-2.031459045410156250e+01,1.000000000000000000e+00
8.453000000000000000e+04,4.974747314453125000e+02,-5.516958618164062500e+02,-8.250000000000000000e+02,-6.445625610351562500e+02,-1.000000000000000000e+01,-1.898049545288085938e+01,1.000000000000000000e+00
8.453200000000000000e+04,4.963162536621093750e+02,-5.647583618164062500e+02,-8.250000000000000000e+02,-6.516375732421875000e+02,-1.000000000000000000e+01,-1.824478721618652344e+01,1.000000000000000000e+00
8.453400000000000000e+04,4.951443481445312500e+02,-5.803875122070312500e+02,-8.250000000000000000e+02,-6.584351806640625000e+02,-1.000000000000000000e+01,-1.717459678649902344e+01,1.000000000000000000e+00
8.453700000000000000e+04,4.939408874511718750e+02,-5.983541259765625000e+02,-8.250000000000000000e+02,-6.649662475585937500e+02,-1.000000000000000000e+01,-1.579937934875488281e+01,1.000000000000000000e+00
8.453800000000000000e+04,4.926998291015625000e+02,-6.161375122070312500e+02,-8.250000000000000000e+02,-6.712412719726562500e+02,-1.000000000000000000e+01,-1.442251014709472656e+01,1.000000000000000000e+00
8.454000000000000000e+04,4.914453430175781250e+02,-6.342874755859375000e+02,-8.250000000000000000e+02,-6.772702026367187500e+02,-1.000000000000000000e+01,-1.297907543182373047e+01,1.000000000000000000e+00
8.454200000000000000e+04,4.901109619140625000e+02,-6.540875244140625000e+02,-8.250000000000000000e+02,-6.830627441406250000e+02,-1.000000000000000000e+01,-1.131659412384033203e+01,1.000000000000000000e+00
8.454400000000000000e+04,4.887624816894531250e+02,-6.710458374023437500e+02,-8.250000000000000000e+02,-6.886281738281250000e+02,-9.973795890808105469e+00,-9.973795890808105469e+00,0.000000000000000000e+00
8.454600000000000000e+04,4.874106445312500000e+02,-6.875000000000000000e+02,-8.250000000000000000e+02,-6.939754028320312500e+02,-8.693836212158203125e+00,-8.693836212158203125e+00,0.000000000000000000e+00
8.454800000000000000e+04,4.858013305664062500e+02,-7.007458496093750000e+02,-8.250000000000000000e+02,-6.991129150390625000e+02,-7.708368301391601562e+00,-7.708368301391601562e+00,0.000000000000000000e+00
8.455000000000000000e+04,4.838261108398437500e+02,-7.185291748046875000e+02,-8.250000000000000000e+02,-7.040490112304687500e+02,-6.102290630340576172e+00,-6.102290630340576172e+00,0.000000000000000000e+00
8.455200000000000000e+04,4.823164978027343750e+02,-7.274208374023437500e+02,-8.250000000000000000e+02,-7.087915649414062500e+02,-5.465394020080566406e+00,-5.465394020080566406e+00,0.000000000000000000e+00
8.455400000000000000e+04,4.808334045410156250e+02,-7.390166625976562500e+02,-8.250000000000000000e+02,-7.133481445312500000e+02,-4.454220771789550781e+00,-4.454220771789550781e+00,0.000000000000000000e+00
8.455700000000000000e+04,4.793640747070312500e+02,-7.448833618164062500e+02,-8.250000000000000000e+02,-7.177260742187500000e+02,-4.068017482757568359e+00,-4.068017482757568359e+00,0.000000000000000000e+00
8.455800000000000000e+04,4.778531188964843750e+02,-7.540958251953125000e+02,-8.250000000000000000e+02,-7.219323120117187500e+02,-3.247760772705078125e+00,-3.247760772705078125e+00,0.000000000000000000e+00
8.456000000000000000e+04,4.763294067382812500e+02,-7.606500244140625000e+02,-8.250000000000000000e+02,-7.259736328125000000e+02,-2.695874691009521484e+00,-2.695874691009521484e+00,0.000000000000000000e+00
8.456200000000000000e+04,4.747926025390625000e+02,-7.682125244140625000e+02,-8.250000000000000000e+02,-7.298565063476562500e+02,-1.986308097839355469e+00,-1.986308097839355469e+00,0.000000000000000000e+00
8.456400000000000000e+04,4.732443847656250000e+02,-7.738958129882812500e+02,-8.250000000000000000e+02,-7.335870971679687500e+02,-1.460390090942382812e+00,-1.460390090942382812e+00,0.000000000000000000e+00
8.456600000000000000e+04,4.716837463378906250e+02,-7.794416503906250000e+02,-8.250000000000000000e+02,-7.371714477539062500e+02,-9.194064140319824219e-01,-9.194064140319824219e-01,0.000000000000000000e+00
8.456800000000000000e+04,4.700589904785156250e+02,-7.836583251953125000e+02,-8.250000000000000000e+02,-7.406152343750000000e+02,-5.075058937072753906e-01,-5.075058937072753906e-01,0.000000000000000000e+00
8.457000000000000000e+04,4.685460205078125000e+02,-7.861791381835937500e+02,-8.250000000000000000e+02,-7.439240112304687500e+02,-2.769289016723632812e-01,-2.769289016723632812e-01,0.000000000000000000e+00
8.457200000000000000e+04,4.669447631835937500e+02,-7.859958496093750000e+02,-8.250000000000000000e+02,-7.471030273437500000e+02,-3.597145080566406250e-01,-3.597145080566406250e-01,0.000000000000000000e+00
8.457400000000000000e+04,4.653747253417968750e+02,-7.854916381835937500e+02,-8.250000000000000000e+02,-7.501574096679687500e+02,-4.854164123535156250e-01,-4.854164123535156250e-01,0.000000000000000000e+00
8.457700000000000000e+04,4.637781677246093750e+02,-7.854916381835937500e+02,-8.250000000000000000e+02,-7.530920410156250000e+02,-5.565700531005859375e-01,-5.565700531005859375e-01,0.000000000000000000e+00
8.457800000000000000e+04,4.622128295898437500e+02,-7.834749755859375000e+02,-8.250000000000000000e+02,-7.559115600585937500e+02,-8.740420341491699219e-01,-8.740420341491699219e-01,0.000000000000000000e+00
8.458000000000000000e+04,4.606783752441406250e+02,-7.816416625976562500e+02,-8.250000000000000000e+02,-7.586205444335937500e+02,-1.185313224792480469e+00,-1.185313224792480469e+00,0.000000000000000000e+00
8.458200000000000000e+04,4.591197509765625000e+02,-7.801291503906250000e+02,-8.250000000000000000e+02,-7.612233276367187500e+02,-1.472795963287353516e+00,-1.472795963287353516e+00,0.000000000000000000e+00
8.458400000000000000e+04,4.575396423339843750e+02,-7.777916870117187500e+02,-8.250000000000000000e+02,-7.637240600585937500e+02,-1.872783660888671875e+00,-1.872783660888671875e+00,0.000000000000000000e+00
8.458600000000000000e+04,4.559887390136718750e+02,-7.754083251953125000e+02,-8.250000000000000000e+02,-7.661267089843750000e+02,-2.296670436859130859e+00,-2.296670436859130859e+00,0.000000000000000000e+00
8.458800000000000000e+04,4.544677124023437500e+02,-7.732541503906250000e+02,-8.250000000000000000e+02,-7.684351196289062500e+02,-2.711754322052001953e+00,-2.711754322052001953e+00,0.000000000000000000e+00
8.459000000000000000e+04,4.528970031738281250e+02,-7.722458496093750000e+02,-8.250000000000000000e+02,-7.706530151367187500e+02,-3.006212711334228516e+00,-3.006212711334228516e+00,0.000000000000000000e+00
8.459200000000000000e+04,4.514155883789062500e+02,-7.700458374023437500e+02,-8.250000000000000000e+02,-7.727839965820312500e+02,-3.454867839813232422e+00,-3.454867839813232422e+00,0.000000000000000000e+00
8.459400000000000000e+04,4.498438720703125000e+02,-7.685333251953125000e+02,-8.250000000000000000e+02,-7.748314208984375000e+02,-3.838717460632324219e+00,-3.838717460632324219e+00,0.000000000000000000e+00
8.459700000000000000e+04,4.482761840820312500e+02,-7.683958129882812500e+02,-8.250000000000000000e+02,-7.767985229492187500e+02,-4.070643424987792969e+00,-4.070643424987792969e+00,0.000000000000000000e+00
8.459800000000000000e+04,4.465423278808593750e+02,-7.710541381835937500e+02,-8.250000000000000000e+02,-7.786885375976562500e+02,-3.970676422119140625e+00,-3.970676422119140625e+00,0.000000000000000000e+00
8.460000000000000000e+04,4.451867980957031250e+02,-7.737583618164062500e+02,-8.250000000000000000e+02,-7.805043945312500000e+02,-3.852719783782958984e+00,-3.852719783782958984e+00,0.000000000000000000e+00
8.460200000000000000e+04,4.436046752929687500e+02,-7.754083251953125000e+02,-8.250000000000000000e+02,-7.822490844726562500e+02,-3.848972320556640625e+00,-3.848972320556640625e+00,0.000000000000000000e+00
8.460400000000000000e+04,4.420144958496093750e+02,-7.794416503906250000e+02,-8.250000000000000000e+02,-7.839253540039062500e+02,-3.551308155059814453e+00,-3.551308155059814453e+00,0.000000000000000000e+00
8.460600000000000000e+04,4.404471435546875000e+02,-7.833375244140625000e+02,-8.250000000000000000e+02,-7.855358886718750000e+02,-3.248487949371337891e+00,-3.248487949371337891e+00,0.000000000000000000e+00
8.460800000000000000e+04,4.389563293457031250e+02,-7.876916503906250000e+02,-8.250000000000000000e+02,-7.870832519531250000e+02,-2.869222164154052734e+00,-2.869222164154052734e+00,0.000000000000000000e+00
8.461000000000000000e+04,4.373439941406250000e+02,-7.900291748046875000e+02,-8.250000000000000000e+02,-7.885699462890625000e+02,-2.708784103393554688e+00,-2.708784103393554688e+00,0.000000000000000000e+00
8.461200000000000000e+04,4.357262878417968750e+02,-7.937416381835937500e+02,-8.250000000000000000e+02,-7.899983520507812500e+02,-2.370594978332519531e+00,-2.370594978332519531e+00,0.000000000000000000e+00
8.461400000000000000e+04,4.341293945312500000e+02,-7.970875244140625000e+02,-8.250000000000000000e+02,-7.913707885742187500e+02,-2.055781364440917969e+00,-2.055781364440917969e+00,0.000000000000000000e+00
8.461700000000000000e+04,4.325261230468750000e+02,-7.994250488281250000e+02,-8.250000000000000000e+02,-7.926893920898437500e+02,-1.843777656555175781e+00,-1.843777656555175781e+00,0.000000000000000000e+00
8.461800000000000000e+04,4.308919677734375000e+02,-8.029541625976562500e+02,-8.250000000000000000e+02,-7.939562988281250000e+02,-1.475399494171142578e+00,-1.475399494171142578e+00,0.000000000000000000e+00
8.462000000000000000e+04,4.292823181152343750e+02,-8.052916870117187500e+02,-8.250000000000000000e+02,-7.951735229492187500e+02,-1.230323791503906250e+00,-1.230323791503906250e+00,0.000000000000000000e+00
8.462200000000000000e+04,4.276360778808593750e+02,-8.066666870117187500e+02,-8.250000000000000000e+02,-7.963430175781250000e+02,-1.088215351104736328e+00,-1.088215351104736328e+00,0.000000000000000000e+00
8.462400000000000000e+04,4.260177001953125000e+02,-8.078125000000000000e+02,-8.250000000000000000e+02,-7.974666748046875000e+02,-9.665627479553222656e-01,-9.665627479553222656e-01,0.000000000000000000e+00
8.462600000000000000e+04,4.244563903808593750e+02,-8.096916503906250000e+02,-8.250000000000000000e+02,-7.985462646484375000e+02,-7.506213188171386719e-01,-7.506213188171386719e-01,0.000000000000000000e+00
8.462800000000000000e+04,4.227769165039062500e+02,-8.105166625976562500e+02,-8.250000000000000000e+02,-7.995834960937500000e+02,-6.512255668640136719e-01,-6.512255668640136719e-01,0.000000000000000000e+00
8.463000000000000000e+04,4.212156066894531250e+02,-8.106541748046875000e+02,-8.250000000000000000e+02,-8.005800781250000000e+02,-6.307086944580078125e-01,-6.307086944580078125e-01,0.000000000000000000e+00
8.463200000000000000e+04,4.195646667480468750e+02,-8.100124511718750000e+02,-8.250000000000000000e+02,-8.015375976562500000e+02,-7.044396400451660156e-01,-7.044396400451660156e-01,0.000000000000000000e+00
8.463400000000000000e+04,4.179459533691406250e+02,-8.086833496093750000e+02,-8.250000000000000000e+02,-8.024575805664062500e+02,-8.662738800048828125e-01,-8.662738800048828125e-01,0.000000000000000000e+00
8.463700000000000000e+04,4.163017272949218750e+02,-8.093249511718750000e+02,-8.250000000000000000e+02,-8.033414916992187500e+02,-8.000459671020507812e-01,-8.000459671020507812e-01,0.000000000000000000e+00
8.463800000000000000e+04,4.146830139160156250e+02,-8.088208618164062500e+02,-8.250000000000000000e+02,-8.041907348632812500e+02,-8.691987991333007812e-01,-8.691987991333007812e-01,0.000000000000000000e+00
8.464000000000000000e+04,4.130673217773437500e+02,-8.068041381835937500e+02,-8.250000000000000000e+02,-8.050066528320312500e+02,-1.125215530395507812e+00,-1.125215530395507812e+00,0.000000000000000000e+00
8.464200000000000000e+04,4.106768493652343750e+02,-8.066666870117187500e+02,-8.250000000000000000e+02,-8.057905883789062500e+02,-1.168659687042236328e+00,-1.168659687042236328e+00,0.000000000000000000e+00
8.464400000000000000e+04,4.090356445312500000e+02,-8.063000488281250000e+02,-8.250000000000000000e+02,-8.065437622070312500e+02,-1.242042541503906250e+00,-1.242042541503906250e+00,0.000000000000000000e+00
8.464600000000000000e+04,4.082319946289062500e+02,-8.064833374023437500e+02,-8.250000000000000000e+02,-8.072673950195312500e+02,-1.252865791320800781e+00,-1.252865791320800781e+00,0.000000000000000000e+00
8.464800000000000000e+04,4.058170166015625000e+02,-8.047874755859375000e+02,-8.250000000000000000e+02,-8.079627075195312500e+02,-1.490638732910156250e+00,-1.490638732910156250e+00,0.000000000000000000e+00
8.465000000000000000e+04,4.042117309570312500e+02,-8.021291503906250000e+02,-8.250000000000000000e+02,-8.086307373046875000e+02,-1.856712818145751953e+00,-1.856712818145751953e+00,0.000000000000000000e+00
8.465200000000000000e+04,4.025832824707031250e+02,-8.014416503906250000e+02,-8.250000000000000000e+02,-8.092725830078125000e+02,-2.003562450408935547e+00,-2.003562450408935547e+00,0.000000000000000000e+00
8.465400000000000000e+04,4.009816894531250000e+02,-8.006166381835937500e+02,-8.250000000000000000e+02,-8.098892211914062500e+02,-2.173154830932617188e+00,-2.173154830932617188e+00,0.000000000000000000e+00
8.465700000000000000e+04,3.993539123535156250e+02,-7.992416381835937500e+02,-8.250000000000000000e+02,-8.104816894531250000e+02,-2.416167736053466797e+00,-2.416167736053466797e+00,0.000000000000000000e+00
8.465800000000000000e+04,3.977852172851562500e+02,-7.991041870117187500e+02,-8.250000000000000000e+02,-8.110509643554687500e+02,-2.520575523376464844e+00,-2.520575523376464844e+00,0.000000000000000000e+00
8.466000000000000000e+04,3.961883239746093750e+02,-7.982333374023437500e+02,-8.250000000000000000e+02,-8.115979003906250000e+02,-2.716327667236328125e+00,-2.716327667236328125e+00,0.000000000000000000e+00
8.466200000000000000e+04,3.945639038085937500e+02,-7.974083251953125000e+02,-8.250000000000000000e+02,-8.121234130859375000e+02,-2.914114952087402344e+00,-2.914114952087402344e+00,0.000000000000000000e+00
8.466400000000000000e+04,3.930227355957031250e+02,-7.975916748046875000e+02,-8.250000000000000000e+02,-8.126282958984375000e+02,-2.997623443603515625e+00,-2.997623443603515625e+00,0.000000000000000000e+00
8.466600000000000000e+04,3.913670959472656250e+02,-7.992416381835937500e+02,-8.250000000000000000e+02,-8.131134033203125000e+02,-2.905248641967773438e+00,-2.905248641967773438e+00,0.000000000000000000e+00
8.466800000000000000e+04,3.897631530761718750e+02,-8.006166381835937500e+02,-8.250000000000000000e+02,-8.135794677734375000e+02,-2.837702274322509766e+00,-2.837702274322509766e+00,0.000000000000000000e+00
8.467000000000000000e+04,3.881296691894531250e+02,-8.029541625976562500e+02,-8.250000000000000000e+02,-8.140272827148437500e+02,-2.647356510162353516e+00,-2.647356510162353516e+00,0.000000000000000000e+00
8.467200000000000000e+04,3.865784301757812500e+02,-8.047874755859375000e+02,-8.250000000000000000e+02,-8.144575195312500000e+02,-2.504883766174316406e+00,-2.504883766174316406e+00,0.000000000000000000e+00
8.467400000000000000e+04,3.849402465820312500e+02,-8.042833251953125000e+02,-8.250000000000000000e+02,-8.148708496093750000e+02,-2.634405136108398438e+00,-2.634405136108398438e+00,0.000000000000000000e+00
8.467700000000000000e+04,3.833027343750000000e+02,-8.049708251953125000e+02,-8.250000000000000000e+02,-8.152680053710937500e+02,-2.624997615814208984e+00,-2.624997615814208984e+00,0.000000000000000000e+00
8.467800000000000000e+04,3.816282958984375000e+02,-8.064833374023437500e+02,-8.250000000000000000e+02,-8.156495971679687500e+02,-2.513344764709472656e+00,-2.513344764709472656e+00,0.000000000000000000e+00
8.468000000000000000e+04,3.801284179687500000e+02,-8.074916381835937500e+02,-8.250000000000000000e+02,-8.160162353515625000e+02,-2.454465866088867188e+00,-2.454465866088867188e+00,0.000000000000000000e+00
8.468200000000000000e+04,3.784798278808593750e+02,-8.093249511718750000e+02,-8.250000000000000000e+02,-8.163684692382812500e+02,-2.291129112243652344e+00,-2.291129112243652344e+00,0.000000000000000000e+00
8.468400000000000000e+04,3.768305664062500000e+02,-8.095083618164062500e+02,-8.250000000000000000e+02,-8.167069091796875000e+02,-2.316512107849121094e+00,-2.316512107849121094e+00,0.000000000000000000e+00
8.468600000000000000e+04,3.751776123046875000e+02,-8.106541748046875000e+02,-8.250000000000000000e+02,-8.170320434570312500e+02,-2.225882530212402344e+00,-2.225882530212402344e+00,0.000000000000000000e+00
8.468800000000000000e+04,3.735807189941406250e+02,-8.133583374023437500e+02,-8.250000000000000000e+02,-8.173444824218750000e+02,-1.941245555877685547e+00,-1.941245555877685547e+00,0.000000000000000000e+00
8.469000000000000000e+04,3.719529418945312500e+02,-8.145500488281250000e+02,-8.250000000000000000e+02,-8.176446533203125000e+02,-1.822966575622558594e+00,-1.822966575622558594e+00,0.000000000000000000e+00
8.469200000000000000e+04,3.702929382324218750e+02,-8.143666381835937500e+02,-8.250000000000000000e+02,-8.179330444335937500e+02,-1.863880634307861328e+00,-1.863880634307861328e+00,0.000000000000000000e+00
8.469400000000000000e+04,3.686910095214843750e+02,-8.150541381835937500e+02,-8.250000000000000000e+02,-8.182101440429687500e+02,-1.801742553710937500e+00,-1.801742553710937500e+00,0.000000000000000000e+00
8.469700000000000000e+04,3.670330200195312500e+02,-8.150541381835937500e+02,-8.250000000000000000e+02,-8.184763793945312500e+02,-1.818988800048828125e+00,-1.818988800048828125e+00,0.000000000000000000e+00
8.469800000000000000e+04,3.654874877929687500e+02,-8.136791381835937500e+02,-8.250000000000000000e+02,-8.187321777343750000e+02,-2.002850055694580078e+00,-2.002850055694580078e+00,0.000000000000000000e+00
8.470000000000000000e+04,3.638026428222656250e+02,-8.141833496093750000e+02,-8.250000000000000000e+02,-8.189779052734375000e+02,-1.969574928283691406e+00,-1.969574928283691406e+00,0.000000000000000000e+00
8.470200000000000000e+04,3.621470031738281250e+02,-8.143666381835937500e+02,-8.250000000000000000e+02,-8.192139892578125000e+02,-1.972688674926757812e+00,-1.972688674926757812e+00,0.000000000000000000e+00
8.470400000000000000e+04,3.605209045410156250e+02,-8.141833496093750000e+02,-8.250000000000000000e+02,-8.194408569335937500e+02,-2.019703865051269531e+00,-2.019703865051269531e+00,0.000000000000000000e+00
8.470600000000000000e+04,3.588330383300781250e+02,-8.131750488281250000e+02,-8.250000000000000000e+02,-8.196588134765625000e+02,-2.168218612670898438e+00,-2.168218612670898438e+00,0.000000000000000000e+00
8.470800000000000000e+04,3.572640075683593750e+02,-8.128541870117187500e+02,-8.250000000000000000e+02,-8.198682250976562500e+02,-2.241075515747070312e+00,-2.241075515747070312e+00,0.000000000000000000e+00
8.471000000000000000e+04,3.556070251464843750e+02,-8.140458374023437500e+02,-8.250000000000000000e+02,-8.200694580078125000e+02,-2.134481430053710938e+00,-2.134481430053710938e+00,0.000000000000000000e+00
8.471200000000000000e+04,3.540343017578125000e+02,-8.141833496093750000e+02,-8.250000000000000000e+02,-8.202627563476562500e+02,-2.148401737213134766e+00,-2.148401737213134766e+00,0.000000000000000000e+00
8.471400000000000000e+04,3.523726196289062500e+02,-8.153750000000000000e+02,-8.250000000000000000e+02,-8.204484863281250000e+02,-2.035172462463378906e+00,-2.035172462463378906e+00,0.000000000000000000e+00
8.471700000000000000e+04,3.507099304199218750e+02,-8.185833129882812500e+02,-8.250000000000000000e+02,-8.206269531250000000e+02,-1.671997547149658203e+00,-1.671997547149658203e+00,0.000000000000000000e+00
8.471800000000000000e+04,3.491006164550781250e+02,-8.177125244140625000e+02,-8.250000000000000000e+02,-8.207984008789062500e+02,-1.781165599822998047e+00,-1.781165599822998047e+00,0.000000000000000000e+00
8.472000000000000000e+04,3.474043579101562500e+02,-8.184000244140625000e+02,-8.250000000000000000e+02,-8.209631347656250000e+02,-1.708429336547851562e+00,-1.708429336547851562e+00,0.000000000000000000e+00
8.472200000000000000e+04,3.457943725585937500e+02,-8.197291870117187500e+02,-8.250000000000000000e+02,-8.211213989257812500e+02,-1.554504871368408203e+00,-1.554504871368408203e+00,0.000000000000000000e+00
8.472400000000000000e+04,3.441558532714843750e+02,-8.184000244140625000e+02,-8.250000000000000000e+02,-8.212734375000000000e+02,-1.713267326354980469e+00,-1.713267326354980469e+00,0.000000000000000000e+00
8.472600000000000000e+04,3.424884643554687500e+02,-8.200958251953125000e+02,-8.250000000000000000e+02,-8.214195556640625000e+02,-1.516058444976806641e+00,-1.516058444976806641e+00,0.000000000000000000e+00
8.472800000000000000e+04,3.400573730468750000e+02,-8.202333374023437500e+02,-8.250000000000000000e+02,-8.215599365234375000e+02,-1.496533870697021484e+00,-1.496533870697021484e+00,0.000000000000000000e+00
8.473000000000000000e+04,3.392366027832031250e+02,-8.200958251953125000e+02,-8.250000000000000000e+02,-8.216948242187500000e+02,-1.509692668914794922e+00,-1.509692668914794922e+00,0.000000000000000000e+00
8.473200000000000000e+04,3.368011474609375000e+02,-8.216083374023437500e+02,-8.250000000000000000e+02,-8.218244018554687500e+02,-1.325089931488037109e+00,-1.325089931488037109e+00,0.000000000000000000e+00
8.473400000000000000e+04,3.351260375976562500e+02,-8.216083374023437500e+02,-8.250000000000000000e+02,-8.219489135742187500e+02,-1.313686847686767578e+00,-1.313686847686767578e+00,0.000000000000000000e+00
8.473700000000000000e+04,3.334515991210937500e+02,-8.224333496093750000e+02,-8.250000000000000000e+02,-8.220685424804687500e+02,-1.203045368194580078e+00,-1.203045368194580078e+00,0.000000000000000000e+00
8.473800000000000000e+04,3.318040161132812500e+02,-8.237624511718750000e+02,-8.250000000000000000e+02,-8.221834716796875000e+02,-1.026631832122802734e+00,-1.026631832122802734e+00,0.000000000000000000e+00
8.474000000000000000e+04,3.301255493164062500e+02,-8.234416503906250000e+02,-8.250000000000000000e+02,-8.222938842773437500e+02,-1.040967464447021484e+00,-1.040967464447021484e+00,0.000000000000000000e+00
8.474200000000000000e+04,3.285360412597656250e+02,-8.242666625976562500e+02,-8.250000000000000000e+02,-8.223999633789062500e+02,-9.192419052124023438e-01,-9.192419052124023438e-01,0.000000000000000000e+00
8.474400000000000000e+04,3.268558959960937500e+02,-8.242666625976562500e+02,-8.250000000000000000e+02,-8.225018920898437500e+02,-8.919034004211425781e-01,-8.919034004211425781e-01,0.000000000000000000e+00
8.474600000000000000e+04,3.251791076660156250e+02,-8.242666625976562500e+02,-8.250000000000000000e+02,-8.225998535156250000e+02,-8.646240234375000000e-01,-8.646240234375000000e-01,0.000000000000000000e+00
8.474800000000000000e+04,3.236466674804687500e+02,-8.245875244140625000e+02,-8.250000000000000000e+02,-8.226939697265625000e+02,-7.987036705017089844e-01,-7.987036705017089844e-01,0.000000000000000000e+00
8.475000000000000000e+04,3.219148254394531250e+02,-8.222500000000000000e+02,-8.250000000000000000e+02,-8.227843627929687500e+02,-1.051422595977783203e+00,-1.051422595977783203e+00,0.000000000000000000e+00
8.475200000000000000e+04,3.202430725097656250e+02,-8.214250488281250000e+02,-8.250000000000000000e+02,-8.228712158203125000e+02,-1.136592864990234375e+00,-1.136592864990234375e+00,0.000000000000000000e+00
8.475400000000000000e+04,3.185713195800781250e+02,-8.211041870117187500e+02,-8.250000000000000000e+02,-8.229546508789062500e+02,-1.166423320770263672e+00,-1.166423320770263672e+00,0.000000000000000000e+00
8.475700000000000000e+04,3.169599914550781250e+02,-8.199124755859375000e+02,-8.250000000000000000e+02,-8.230348510742187500e+02,-1.303606510162353516e+00,-1.303606510162353516e+00,0.000000000000000000e+00
8.475800000000000000e+04,3.153768615722656250e+02,-8.202333374023437500e+02,-8.250000000000000000e+02,-8.231118774414062500e+02,-1.266232967376708984e+00,-1.266232967376708984e+00,0.000000000000000000e+00
8.476000000000000000e+04,3.137101440429687500e+02,-8.200958251953125000e+02,-8.250000000000000000e+02,-8.231859130859375000e+02,-1.282507896423339844e+00,-1.282507896423339844e+00,0.000000000000000000e+00
8.476200000000000000e+04,3.120424194335937500e+02,-8.190875244140625000e+02,-8.250000000000000000e+02,-8.232570190429687500e+02,-1.405050277709960938e+00,-1.405050277709960938e+00,0.000000000000000000e+00
8.476400000000000000e+04,3.104042358398437500e+02,-8.185833129882812500e+02,-8.250000000000000000e+02,-8.233253173828125000e+02,-1.473583698272705078e+00,-1.473583698272705078e+00,0.000000000000000000e+00
8.476600000000000000e+04,3.087955932617187500e+02,-8.184000244140625000e+02,-8.250000000000000000e+02,-8.233909912109375000e+02,-1.507083892822265625e+00,-1.507083892822265625e+00,0.000000000000000000e+00
8.476800000000000000e+04,3.071329040527343750e+02,-8.170708618164062500e+02,-8.250000000000000000e+02,-8.234540405273437500e+02,-1.680446147918701172e+00,-1.680446147918701172e+00,0.000000000000000000e+00
8.477000000000000000e+04,3.054708862304687500e+02,-8.173916625976562500e+02,-8.250000000000000000e+02,-8.235146484375000000e+02,-1.663775444030761719e+00,-1.663775444030761719e+00,0.000000000000000000e+00
8.477200000000000000e+04,3.038380737304687500e+02,-8.173916625976562500e+02,-8.250000000000000000e+02,-8.235728759765625000e+02,-1.684377670288085938e+00,-1.684377670288085938e+00,0.000000000000000000e+00
8.477400000000000000e+04,3.021787414550781250e+02,-8.143666381835937500e+02,-8.250000000000000000e+02,-8.236288452148437500e+02,-2.070423126220703125e+00,-2.070423126220703125e+00,0.000000000000000000e+00
8.477700000000000000e+04,3.005758056640625000e+02,-8.153750000000000000e+02,-8.009010620117187500e+02,-8.227376708984375000e+02,-1.402955055236816406e+00,-1.402955055236816406e+00,0.000000000000000000e+00
8.477800000000000000e+04,2.987398986816406250e+02,-8.156958618164062500e+02,-8.009010620117187500e+02,-8.218814697265625000e+02,-1.292923450469970703e+00,-1.292923450469970703e+00,0.000000000000000000e+00
8.478000000000000000e+04,2.972843322753906250e+02,-8.153750000000000000e+02,-8.009010620117187500e+02,-8.210588378906250000e+02,-1.257115840911865234e+00,-1.257115840911865234e+00,0.000000000000000000e+00
8.478200000000000000e+04,2.956797180175781250e+02,-8.168874511718750000e+02,-8.009010620117187500e+02,-8.202684326171875000e+02,-1.001070976257324219e+00,-1.001070976257324219e+00,0.000000000000000000e+00
8.478400000000000000e+04,2.940472412109375000e+02,-8.161999511718750000e+02,-8.009010620117187500e+02,-8.195090332031250000e+02,-9.996175765991210938e-01,-9.996175765991210938e-01,0.000000000000000000e+00
8.478600000000000000e+04,2.923895874023437500e+02,-8.153750000000000000e+02,-8.009010620117187500e+02,-8.187794189453125000e+02,-1.017854690551757812e+00,-1.017854690551757812e+00,0.000000000000000000e+00
8.478800000000000000e+04,2.907309265136718750e+02,-8.138625488281250000e+02,-8.009010620117187500e+02,-8.180783691406250000e+02,-1.123045444488525391e+00,-1.123045444488525391e+00,0.000000000000000000e+00
8.479000000000000000e+04,2.891652526855468750e+02,-8.126708374023437500e+02,-8.009010620117187500e+02,-8.174047851562500000e+02,-1.198025226593017578e+00,-1.198025226593017578e+00,0.000000000000000000e+00
8.479200000000000000e+04,2.875149841308593750e+02,-8.116624755859375000e+02,-8.009010620117187500e+02,-8.167576904296875000e+02,-1.257452964782714844e+00,-1.257452964782714844e+00,0.000000000000000000e+00
8.479400000000000000e+04,2.858684082031250000e+02,-8.095083618164062500e+02,-8.009010620117187500e+02,-8.161359863281250000e+02,-1.460550785064697266e+00,-1.460550785064697266e+00,0.000000000000000000e+00
8.479700000000000000e+04,2.842832641601562500e+02,-8.079958496093750000e+02,-4.805688171386718750e+02,-8.029782104492187500e+02,6.201750278472900391e+00,6.201750278472900391e+00,0.000000000000000000e+00
8.479800000000000000e+04,2.826682434082031250e+02,-8.079958496093750000e+02,-4.805688171386718750e+02,-7.903363647460937500e+02,7.656013488769531250e+00,7.656013488769531250e+00,0.000000000000000000e+00
8.480000000000000000e+04,2.810908203125000000e+02,-8.063000488281250000e+02,-4.805688171386718750e+02,-7.781902465820312500e+02,8.931422233581542969e+00,8.931422233581542969e+00,0.000000000000000000e+00
8.480200000000000000e+04,2.794791564941406250e+02,-7.974083251953125000e+02,-4.805688171386718750e+02,-7.665203857421875000e+02,9.353850364685058594e+00,9.353850364685058594e+00,0.000000000000000000e+00
8.480400000000000000e+04,2.779013977050781250e+02,-7.826500244140625000e+02,-4.805688171386718750e+02,-7.553081054687500000e+02,9.037783622741699219e+00,9.037783622741699219e+00,0.000000000000000000e+00
8.480600000000000000e+04,2.763884277343750000e+02,-7.660124511718750000e+02,-4.805688171386718750e+02,-7.445354614257812500e+02,8.426160812377929688e+00,8.426160812377929688e+00,0.000000000000000000e+00
8.480800000000000000e+04,2.749409179687500000e+02,-7.458916625976562500e+02,-4.805688171386718750e+02,-7.341851806640625000e+02,7.312438488006591797e+00,7.312438488006591797e+00,0.000000000000000000e+00
8.481000000000000000e+04,2.734866943359375000e+02,-7.247166748046875000e+02,-4.805688171386718750e+02,-7.242407836914062500e+02,5.966136455535888672e+00,5.966136455535888672e+00,0.000000000000000000e+00
8.481200000000000000e+04,2.721043090820312500e+02,-7.015708618164062500e+02,-4.805688171386718750e+02,-7.146862792968750000e+02,4.268437862396240234e+00,4.268437862396240234e+00,0.000000000000000000e+00
8.481400000000000000e+04,2.707430725097656250e+02,-6.789291381835937500e+02,-4.805688171386718750e+02,-7.055064086914062500e+02,2.503650188446044922e+00,2.503650188446044922e+00,0.000000000000000000e+00
8.481700000000000000e+04,2.688396911621093750e+02,-6.458375244140625000e+02,-3.326721801757812500e+02,-6.908873291015625000e+02,2.953666687011718750e+00,2.953666687011718750e+00,0.000000000000000000e+00
8.481800000000000000e+04,2.681968383789062500e+02,-6.374500122070312500e+02,-3.326721801757812500e+02,-6.768414916992187500e+02,3.242198705673217773e+00,3.242198705673217773e+00,0.000000000000000000e+00
8.482000000000000000e+04,2.669779357910156250e+02,-6.173291625976562500e+02,-3.326721801757812500e+02,-6.633464355468750000e+02,2.086873531341552734e+00,2.086873531341552734e+00,0.000000000000000000e+00
8.482200000000000000e+04,2.652162170410156250e+02,-5.919833374023437500e+02,-3.326721801757812500e+02,-6.503804931640625000e+02,1.974668502807617188e-01,1.974668502807617188e-01,0.000000000000000000e+00
8.482400000000000000e+04,2.640641174316406250e+02,-5.745208740234375000e+02,-3.326721801757812500e+02,-6.379229736328125000e+02,-8.798317909240722656e-01,-8.798317909240722656e-01,0.000000000000000000e+00
8.482600000000000000e+04,2.630439453125000000e+02,-5.593958740234375000e+02,-3.326721801757812500e+02,-6.259539184570312500e+02,-1.765806198120117188e+00,-1.765806198120117188e+00,0.000000000000000000e+00
8.482800000000000000e+04,2.619123229980468750e+02,-5.464708251953125000e+02,-3.326721801757812500e+02,-6.144541625976562500e+02,-2.463560104370117188e+00,-2.463560104370117188e+00,0.000000000000000000e+00
8.483000000000000000e+04,2.608186340332031250e+02,-5.404208374023437500e+02,-3.326721801757812500e+02,-6.034053344726562500e+02,-2.396454811096191406e+00,-2.396454811096191406e+00,0.000000000000000000e+00
8.483200000000000000e+04,2.597568359375000000e+02,-5.325374755859375000e+02,-3.326721801757812500e+02,-5.927897338867187500e+02,-2.572134017944335938e+00,-2.572134017944335938e+00,0.000000000000000000e+00
8.483400000000000000e+04,2.592277832031250000e+02,-5.312083740234375000e+02,-3.326721801757812500e+02,-5.825903930664062500e+02,-1.991106033325195312e+00,-1.991106033325195312e+00,0.000000000000000000e+00
8.483700000000000000e+04,2.576483459472656250e+02,-5.263499755859375000e+02,-2.280816955566406250e+02,-5.686899414062500000e+02,7.185173034667968750e-01,7.185173034667968750e-01,0.000000000000000000e+00
8.483800000000000000e+04,2.565774841308593750e+02,-5.250208740234375000e+02,-2.280816955566406250e+02,-5.553345336914062500e+02,1.754901409149169922e+00,1.754901409149169922e+00,0.000000000000000000e+00
8.484000000000000000e+04,2.555173645019531250e+02,-5.233250122070312500e+02,-2.280816955566406250e+02,-5.425028076171875000e+02,2.761998176574707031e+00,2.761998176574707031e+00,0.000000000000000000e+00
8.484200000000000000e+04,2.544928283691406250e+02,-5.177791748046875000e+02,-2.280816955566406250e+02,-5.301741943359375000e+02,3.317273616790771484e+00,3.317273616790771484e+00,0.000000000000000000e+00
8.484400000000000000e+04,2.534991760253906250e+02,-5.093916625976562500e+02,-2.280816955566406250e+02,-5.183289794921875000e+02,3.517745494842529297e+00,3.517745494842529297e+00,0.000000000000000000e+00
8.484600000000000000e+04,2.525102233886718750e+02,-5.016916809082031250e+02,-2.280816955566406250e+02,-5.069482116699218750e+02,3.770576953887939453e+00,3.770576953887939453e+00,0.000000000000000000e+00
8.484800000000000000e+04,2.515387268066406250e+02,-4.902791748046875000e+02,-2.280816955566406250e+02,-4.960137023925781250e+02,3.548795223236083984e+00,3.548795223236083984e+00,0.000000000000000000e+00
8.485000000000000000e+04,2.505897216796875000e+02,-4.812041625976562500e+02,-2.280816955566406250e+02,-4.855079345703125000e+02,3.557895183563232422e+00,3.557895183563232422e+00,0.000000000000000000e+00
8.485200000000000000e+04,2.496407165527343750e+02,-4.704333190917968750e+02,-2.280816955566406250e+02,-4.754140930175781250e+02,3.325379610061645508e+00,3.325379610061645508e+00,0.000000000000000000e+00
8.485400000000000000e+04,2.487004394531250000e+02,-4.595250244140625000e+02,-2.280816955566406250e+02,-4.657160339355468750e+02,3.027715682983398438e+00,3.027715682983398438e+00,0.000000000000000000e+00
8.485700000000000000e+04,2.478309936523437500e+02,-4.489833374023437500e+02,-1.083263397216796875e+02,-4.517025756835937500e+02,5.640306472778320312e+00,5.640306472778320312e+00,0.000000000000000000e+00
8.485800000000000000e+04,2.469108581542968750e+02,-4.355541687011718750e+02,-1.083263397216796875e+02,-4.382385864257812500e+02,5.470113754272460938e+00,5.470113754272460938e+00,0.000000000000000000e+00
8.486000000000000000e+04,2.461260070800781250e+02,-4.295041809082031250e+02,-1.083263397216796875e+02,-4.253025207519531250e+02,6.131317138671875000e+00,6.131317138671875000e+00,0.000000000000000000e+00
8.486200000000000000e+04,2.452938232421875000e+02,-4.179083251953125000e+02,-1.083263397216796875e+02,-4.128736877441406250e+02,6.110875129699707031e+00,6.110875129699707031e+00,0.000000000000000000e+00
8.486400000000000000e+04,2.445217285156250000e+02,-4.026458435058593750e+02,-1.083263397216796875e+02,-4.009322204589843750e+02,5.599731922149658203e+00,5.599731922149658203e+00,0.000000000000000000e+00
8.486600000000000000e+04,2.437694396972656250e+02,-3.856875000000000000e+02,-1.083263397216796875e+02,-3.894589843750000000e+02,4.811380386352539062e+00,4.811380386352539062e+00,0.000000000000000000e+00
8.486800000000000000e+04,2.430399780273437500e+02,-3.695541687011718750e+02,-1.083263397216796875e+02,-3.784356079101562500e+02,4.037885665893554688e+00,4.037885665893554688e+00,0.000000000000000000e+00
8.487000000000000000e+04,2.423477783203125000e+02,-3.529625244140625000e+02,-1.083263397216796875e+02,-3.678444519042968750e+02,3.128384113311767578e+00,3.128384113311767578e+00,0.000000000000000000e+00
8.487200000000000000e+04,2.416935119628906250e+02,-3.400375061035156250e+02,-1.083263397216796875e+02,-3.576685791015625000e+02,2.576196193695068359e+00,2.576196193695068359e+00,0.000000000000000000e+00
8.487400000000000000e+04,2.410231323242187500e+02,-3.277999877929687500e+02,-1.083263397216796875e+02,-3.478917236328125000e+02,2.044004440307617188e+00,2.044004440307617188e+00,0.000000000000000000e+00
8.487700000000000000e+04,2.404114990234375000e+02,-3.150125122070312500e+02,-9.380475616455078125e+01,-3.379288330078125000e+02,1.739551544189453125e+00,1.739551544189453125e+00,0.000000000000000000e+00
8.487800000000000000e+04,2.397300415039062500e+02,-3.041041870117187500e+02,-9.380475616455078125e+01,-3.283565979003906250e+02,1.308426380157470703e+00,1.308426380157470703e+00,0.000000000000000000e+00
8.488000000000000000e+04,2.392107238769531250e+02,-3.007583312988281250e+02,-9.380475616455078125e+01,-3.191596984863281250e+02,1.737447738647460938e+00,1.737447738647460938e+00,0.000000000000000000e+00
8.488200000000000000e+04,2.386202392578125000e+02,-2.953958129882812500e+02,-9.380475616455078125e+01,-3.103233947753906250e+02,1.918484687805175781e+00,1.918484687805175781e+00,0.000000000000000000e+00
8.488400000000000000e+04,2.380203552246093750e+02,-2.816458129882812500e+02,-9.380475616455078125e+01,-3.018335876464843750e+02,1.070086479187011719e+00,1.070086479187011719e+00,0.000000000000000000e+00
8.488600000000000000e+04,2.375087585449218750e+02,-2.745874938964843750e+02,-9.380475616455078125e+01,-2.936766662597656250e+02,9.572224617004394531e-01,9.572224617004394531e-01,0.000000000000000000e+00
8.488800000000000000e+04,2.369891052246093750e+02,-2.683541870117187500e+02,-9.380475616455078125e+01,-2.858395690917968750e+02,9.137568473815917969e-01,9.137568473815917969e-01,0.000000000000000000e+00
8.489000000000000000e+04,2.364664306640625000e+02,-2.636791687011718750e+02,-9.380475616455078125e+01,-2.783097839355468750e+02,1.032811641693115234e+00,1.032811641693115234e+00,0.000000000000000000e+00
8.489200000000000000e+04,2.359461059570312500e+02,-2.584541625976562500e+02,-9.380475616455078125e+01,-2.710752258300781250e+02,1.069526910781860352e+00,1.069526910781860352e+00,0.000000000000000000e+00
8.489400000000000000e+04,2.354425659179687500e+02,-2.500666656494140625e+02,-9.380475616455078125e+01,-2.641243591308593750e+02,7.049491405487060547e-01,7.049491405487060547e-01,0.000000000000000000e+00
8.489700000000000000e+04,2.349497680664062500e+02,-2.447041625976562500e+02,-5.464159774780273438e+01,-2.559104309082031250e+02,1.618556261062622070e+00,1.618556261062622070e+00,0.000000000000000000e+00
8.489800000000000000e+04,2.344838256835937500e+02,-2.445208282470703125e+02,-5.464159774780273438e+01,-2.480185699462890625e+02,2.354810953140258789e+00,2.354810953140258789e+00,0.000000000000000000e+00
8.490000000000000000e+04,2.340084838867187500e+02,-2.374624938964843750e+02,-5.464159774780273438e+01,-2.404361572265625000e+02,2.275626897811889648e+00,2.275626897811889648e+00,0.000000000000000000e+00
8.490200000000000000e+04,2.335418701171875000e+02,-2.356291656494140625e+02,-5.464159774780273438e+01,-2.331510467529296875e+02,2.796674013137817383e+00,2.796674013137817383e+00,0.000000000000000000e+00
8.490400000000000000e+04,2.330786132812500000e+02,-2.247208404541015625e+02,-5.464159774780273438e+01,-2.261515960693359375e+02,2.225894689559936523e+00,2.225894689559936523e+00,0.000000000000000000e+00
8.490600000000000000e+04,2.324266967773437500e+02,-2.168374938964843750e+02,-5.464159774780273438e+01,-2.194266052246093750e+02,1.964849948883056641e+00,1.964849948883056641e+00,0.000000000000000000e+00
8.490800000000000000e+04,2.322309875488281250e+02,-2.168374938964843750e+02,-5.464159774780273438e+01,-2.129653015136718750e+02,2.617860078811645508e+00,2.617860078811645508e+00,0.000000000000000000e+00
8.491000000000000000e+04,2.318100280761718750e+02,-2.086333312988281250e+02,-5.464159774780273438e+01,-2.067573394775390625e+02,2.294103860855102539e+00,2.294103860855102539e+00,0.000000000000000000e+00
8.491200000000000000e+04,2.314142456054687500e+02,-2.000625000000000000e+02,-5.464159774780273438e+01,-2.007928009033203125e+02,1.886726617813110352e+00,1.886726617813110352e+00,0.000000000000000000e+00
8.491400000000000000e+04,2.310164489746093750e+02,-1.940125122070312500e+02,-5.464159774780273438e+01,-1.950621337890625000e+02,1.741015315055847168e+00,1.741015315055847168e+00,0.000000000000000000e+00
8.491700000000000000e+04,2.304863891601562500e+02,-1.829208374023437500e+02,-2.698846054077148438e+01,-1.884718627929687500e+02,1.633629679679870605e+00,1.633629679679870605e+00,0.000000000000000000e+00
8.491800000000000000e+04,2.301416320800781250e+02,-1.743500061035156250e+02,-2.698846054077148438e+01,-1.821399993896484375e+02,1.219854354858398438e+00,1.219854354858398438e+00,0.000000000000000000e+00
8.492000000000000000e+04,2.297958679199218750e+02,-1.693541564941406250e+02,-2.698846054077148438e+01,-1.760564117431640625e+02,1.195033073425292969e+00,1.195033073425292969e+00,0.000000000000000000e+00
8.492200000000000000e+04,2.294611816406250000e+02,-1.616083374023437500e+02,-2.698846054077148438e+01,-1.702113647460937500e+02,8.183646202087402344e-01,8.183646202087402344e-01,0.000000000000000000e+00
8.492400000000000000e+04,2.291600646972656250e+02,-1.565666656494140625e+02,-2.698846054077148438e+01,-1.645955047607421875e+02,7.297983169555664062e-01,7.297983169555664062e-01,0.000000000000000000e+00
8.492600000000000000e+04,2.288518981933593750e+02,-1.530375061035156250e+02,-2.698846054077148438e+01,-1.591998443603515625e+02,8.021838665008544922e-01,8.021838665008544922e-01,0.000000000000000000e+00
8.492800000000000000e+04,2.285635375976562500e+02,-1.443291625976562500e+02,-2.698846054077148438e+01,-1.540157623291015625e+02,2.376601696014404297e-01,2.376601696014404297e-01,0.000000000000000000e+00
8.493000000000000000e+04,2.282734985351562500e+02,-1.466666564941406250e+02,-2.698846054077148438e+01,-1.490349426269531250e+02,9.599188566207885742e-01,9.599188566207885742e-01,0.000000000000000000e+00
8.493200000000000000e+04,2.279992370605468750e+02,-1.370874938964843750e+02,-2.698846054077148438e+01,-1.442494201660156250e+02,2.689864635467529297e-01,2.689864635467529297e-01,0.000000000000000000e+00
8.493400000000000000e+04,2.277273254394531250e+02,-1.334208374023437500e+02,-2.698846054077148438e+01,-1.396515502929687500e+02,2.396819591522216797e-01,2.396819591522216797e-01,0.000000000000000000e+00
8.493700000000000000e+04,2.274681701660156250e+02,-1.327333374023437500e+02,-1.674525642395019531e+01,-1.348323211669921875e+02,8.044764995574951172e-01,8.044764995574951172e-01,0.000000000000000000e+00
8.493800000000000000e+04,2.272197570800781250e+02,-1.233374938964843750e+02,-1.674525642395019531e+01,-1.302020568847656250e+02,1.188942193984985352e-01,1.188942193984985352e-01,0.000000000000000000e+00
8.494000000000000000e+04,2.269837646484375000e+02,-1.188000030517578125e+02,-1.674525642395019531e+01,-1.257533569335937500e+02,-3.132247924804687500e-02,-3.132247924804687500e-02,0.000000000000000000e+00
8.494200000000000000e+04,2.267350158691406250e+02,-1.198083343505859375e+02,-1.674525642395019531e+01,-1.214790878295898438e+02,4.668661355972290039e-01,4.668661355972290039e-01,0.000000000000000000e+00
8.494400000000000000e+04,2.265064086914062500e+02,-1.167833328247070312e+02,-1.674525642395019531e+01,-1.173724212646484375e+02,4.930107593536376953e-01,4.930107593536376953e-01,0.000000000000000000e+00
8.494600000000000000e+04,2.262939147949218750e+02,-1.111000061035156250e+02,-1.674525642395019531e+01,-1.134267730712890625e+02,1.874077320098876953e-01,1.874077320098876953e-01,0.000000000000000000e+00
8.494800000000000000e+04,2.260810852050781250e+02,-1.058750000000000000e+02,-1.674525642395019531e+01,-1.096358413696289062e+02,-9.117686748504638672e-02,-9.117686748504638672e-02,0.000000000000000000e+00
8.495000000000000000e+04,2.258769836425781250e+02,-1.000083312988281250e+02,-1.674525642395019531e+01,-1.059935531616210938e+02,-4.729422330856323242e-01,-4.729422330856323242e-01,0.000000000000000000e+00
8.495200000000000000e+04,2.256769104003906250e+02,-9.982499694824218750e+01,-1.674525642395019531e+01,-1.024940795898437500e+02,-1.995303630828857422e-01,-1.995303630828857422e-01,0.000000000000000000e+00
8.495400000000000000e+04,2.254791870117187500e+02,-9.482917022705078125e+01,-1.674525642395019531e+01,-9.913182067871093750e+01,-5.011780261993408203e-01,-5.011780261993408203e-01,0.000000000000000000e+00
8.495700000000000000e+04,2.252948913574218750e+02,-9.331666564941406250e+01,-1.266740226745605469e+01,-9.574150085449218750e+01,-3.086234331130981445e-01,-3.086234331130981445e-01,0.000000000000000000e+00
8.495800000000000000e+04,2.250968322753906250e+02,-8.960416412353515625e+01,-1.266740226745605469e+01,-9.248412322998046875e+01,-4.661288857460021973e-01,-4.661288857460021973e-01,0.000000000000000000e+00
8.496000000000000000e+04,2.249309997558593750e+02,-8.859583282470703125e+01,-1.266740226745605469e+01,-8.935446929931640625e+01,-3.147487640380859375e-01,-3.147487640380859375e-01,0.000000000000000000e+00
8.496200000000000000e+04,2.247628173828125000e+02,-8.625833129882812500e+01,-1.266740226745605469e+01,-8.634752655029296875e+01,-3.240481019020080566e-01,-3.240481019020080566e-01,0.000000000000000000e+00
8.496400000000000000e+04,2.245956420898437500e+02,-8.103333282470703125e+01,-1.266740226745605469e+01,-8.345848846435546875e+01,-6.904968023300170898e-01,-6.904968023300170898e-01,0.000000000000000000e+00
8.496600000000000000e+04,2.244351806640625000e+02,-8.204167175292968750e+01,-1.266740226745605469e+01,-8.068273162841796875e+01,-3.325762748718261719e-01,-3.325762748718261719e-01,0.000000000000000000e+00
8.496800000000000000e+04,2.242827758789062500e+02,-7.869583129882812500e+01,-1.266740226745605469e+01,-7.801581573486328125e+01,-4.880374670028686523e-01,-4.880374670028686523e-01,0.000000000000000000e+00
8.497000000000000000e+04,2.241209716796875000e+02,-8.002500152587890625e+01,-1.266740226745605469e+01,-7.545346832275390625e+01,-9.546834230422973633e-02,-9.546834230422973633e-02,0.000000000000000000e+00
8.497200000000000000e+04,2.239615173339843750e+02,-7.649583435058593750e+01,-1.266740226745605469e+01,-7.299159240722656250e+01,-2.752320170402526855e-01,-2.752320170402526855e-01,0.000000000000000000e+00
8.497400000000000000e+04,2.238158264160156250e+02,-7.282917022705078125e+01,-1.266740226745605469e+01,-7.062625122070312500e+01,-4.887154102325439453e-01,-4.887154102325439453e-01,0.000000000000000000e+00
8.497700000000000000e+04,2.236714782714843750e+02,-7.466249847412109375e+01,1.229998111724853516e+00,-6.780873107910156250e+01,2.812920212745666504e-01,2.812920212745666504e-01,0.000000000000000000e+00
8.497800000000000000e+04,2.235264587402343750e+02,-7.200416564941406250e+01,1.229998111724853516e+00,-6.510168457031250000e+01,2.490755319595336914e-01,2.490755319595336914e-01,0.000000000000000000e+00
8.498000000000000000e+04,2.233811035156250000e+02,-7.113333129882812500e+01,1.229998111724853516e+00,-6.250078201293945312e+01,4.215099811553955078e-01,4.215099811553955078e-01,0.000000000000000000e+00
8.498200000000000000e+04,2.232518615722656250e+02,-6.696250152587890625e+01,1.229998111724853516e+00,-6.000186157226562500e+01,1.961504220962524414e-01,1.961504220962524414e-01,0.000000000000000000e+00
8.498400000000000000e+04,2.231256408691406250e+02,-6.558750152587890625e+01,1.229998111724853516e+00,-5.760092544555664062e+01,2.871704101562500000e-01,2.871704101562500000e-01,0.000000000000000000e+00
8.498600000000000000e+04,2.229849853515625000e+02,-6.696250152587890625e+01,1.229998111724853516e+00,-5.529413223266601562e+01,7.064752578735351562e-01,7.064752578735351562e-01,0.000000000000000000e+00
8.498800000000000000e+04,2.228678283691406250e+02,-5.940000152587890625e+01,1.229998111724853516e+00,-5.307778930664062500e+01,6.182116270065307617e-02,6.182116270065307617e-02,0.000000000000000000e+00
8.499000000000000000e+04,2.227459716796875000e+02,-6.141666793823242188e+01,1.229998111724853516e+00,-5.094834899902343750e+01,5.297985076904296875e-01,5.297985076904296875e-01,0.000000000000000000e+00
8.499200000000000000e+04,2.226338500976562500e+02,-5.568750000000000000e+01,1.229998111724853516e+00,-4.890240478515625000e+01,8.113235235214233398e-02,8.113235235214233398e-02,0.000000000000000000e+00
8.499400000000000000e+04,2.225260925292968750e+02,-5.587083435058593750e+01,1.229998111724853516e+00,-4.693668365478515625e+01,3.140795230865478516e-01,3.140795230865478516e-01,0.000000000000000000e+00
8.499700000000000000e+04,2.223642883300781250e+02,-5.435833358764648438e+01,7.099637985229492188e+00,-4.481789016723632812e+01,4.910631179809570312e-01,4.910631179809570312e-01,0.000000000000000000e+00
8.499800000000000000e+04,2.223159484863281250e+02,-4.913333511352539062e+01,7.099637985229492188e+00,-4.278217315673828125e+01,9.822785854339599609e-02,9.822785854339599609e-02,0.000000000000000000e+00
8.500000000000000000e+04,2.222098693847656250e+02,-5.202083206176757812e+01,7.099637985229492188e+00,-4.082627868652343750e+01,6.554520130157470703e-01,6.554520130157470703e-01,0.000000000000000000e+00
8.500200000000000000e+04,2.221256103515625000e+02,-4.496250152587890625e+01,7.099637985229492188e+00,-3.894707489013671875e+01,3.588360548019409180e-02,3.588360548019409180e-02,0.000000000000000000e+00
8.500400000000000000e+04,2.220306091308593750e+02,-4.597083282470703125e+01,7.099637985229492188e+00,-3.714155578613281250e+01,3.490172028541564941e-01,3.490172028541564941e-01,0.000000000000000000e+00
8.500600000000000000e+04,2.219205017089843750e+02,-3.588750076293945312e+01,7.099637985229492188e+00,-3.540683364868164062e+01,-6.651035547256469727e-01,-6.651035547256469727e-01,0.000000000000000000e+00
8.500800000000000000e+04,2.218328857421875000e+02,-4.193750000000000000e+01,7.099637985229492188e+00,-3.374013137817382812e+01,2.066915631294250488e-01,2.066915631294250488e-01,0.000000000000000000e+00
8.501000000000000000e+04,2.217623901367187500e+02,-3.740000152587890625e+01,7.099637985229492188e+00,-3.213878250122070312e+01,-1.566463112831115723e-01,-1.566463112831115723e-01,0.000000000000000000e+00
8.501200000000000000e+04,2.216905517578125000e+02,-3.437500000000000000e+01,7.099637985229492188e+00,-3.060022163391113281e+01,-3.625431060791015625e-01,-3.625431060791015625e-01,0.000000000000000000e+00
8.501400000000000000e+04,2.216163635253906250e+02,-3.822499847412109375e+01,7.099637985229492188e+00,-2.912198829650878906e+01,2.450128793716430664e-01,2.450128793716430664e-01,0.000000000000000000e+00
8.501700000000000000e+04,2.215586242675781250e+02,-2.970000076293945312e+01,-1.485038757324218750e+00,-2.803832817077636719e+01,-8.213011622428894043e-01,-8.213011622428894043e-01,0.000000000000000000e+00
8.501800000000000000e+04,2.214965209960937500e+02,-3.020416641235351562e+01,-1.485038757324218750e+00,-2.699715995788574219e+01,-6.782065629959106445e-01,-6.782065629959106445e-01,0.000000000000000000e+00
8.502000000000000000e+04,2.214277038574218750e+02,-3.423749923706054688e+01,-1.485038757324218750e+00,-2.599681663513183594e+01,-1.040509343147277832e-01,-1.040509343147277832e-01,0.000000000000000000e+00
8.502200000000000000e+04,2.213726501464843750e+02,-2.818750000000000000e+01,-1.485038757324218750e+00,-2.503569602966308594e+01,-7.181512117385864258e-01,-7.181512117385864258e-01,0.000000000000000000e+00
8.502400000000000000e+04,2.213186035156250000e+02,-2.630833244323730469e+01,-1.485038757324218750e+00,-2.411226272583007812e+01,-8.650797605514526367e-01,-8.650797605514526367e-01,0.000000000000000000e+00
8.502600000000000000e+04,2.212585144042968750e+02,-2.970000076293945312e+01,-1.485038757324218750e+00,-2.322503662109375000e+01,-3.861472308635711670e-01,-3.861472308635711670e-01,0.000000000000000000e+00
8.502800000000000000e+04,2.212041320800781250e+02,-2.901250076293945312e+01,-1.485038757324218750e+00,-2.237259864807128906e+01,-3.757025599479675293e-01,-3.757025599479675293e-01,0.000000000000000000e+00
8.503000000000000000e+04,2.211564636230468750e+02,-2.332916641235351562e+01,-1.485038757324218750e+00,-2.155358695983886719e+01,-9.699496626853942871e-01,-9.699496626853942871e-01,0.000000000000000000e+00
8.503200000000000000e+04,2.211014099121093750e+02,-2.598749923706054688e+01,-1.485038757324218750e+00,-2.076668739318847656e+01,-5.920695662498474121e-01,-5.920695662498474121e-01,0.000000000000000000e+00
8.503400000000000000e+04,2.210399780273437500e+02,-3.070833396911621094e+01,-1.485038757324218750e+00,-2.001064300537109375e+01,5.316425859928131104e-02,5.316425859928131104e-02,0.000000000000000000e+00
8.503700000000000000e+04,2.209899597167968750e+02,-2.598749923706054688e+01,6.220799446105957031e+00,-1.898209381103515625e+01,-2.207765579223632812e-01,-2.207765579223632812e-01,0.000000000000000000e+00
8.503800000000000000e+04,2.209416198730468750e+02,-2.314583396911621094e+01,6.220799446105957031e+00,-1.799387359619140625e+01,-4.492837786674499512e-01,-4.492837786674499512e-01,0.000000000000000000e+00
8.504000000000000000e+04,2.208922729492187500e+02,-2.447499847412109375e+01,6.220799446105957031e+00,-1.704440307617187500e+01,-1.902815699577331543e-01,-1.902815699577331543e-01,0.000000000000000000e+00
8.504200000000000000e+04,2.208422546386718750e+02,-2.516249847412109375e+01,6.220799446105957031e+00,-1.613216209411621094e+01,2.077102661132812500e-03,2.077102661132812500e-03,0.000000000000000000e+00
8.504400000000000000e+04,2.208033142089843750e+02,-2.044166755676269531e+01,6.220799446105957031e+00,-1.525568962097167969e+01,-4.510771632194519043e-01,-4.510771632194519043e-01,0.000000000000000000e+00
8.504600000000000000e+04,2.207670593261718750e+02,-1.778333282470703125e+01,6.220799446105957031e+00,-1.441358470916748047e+01,-6.830053925514221191e-01,-6.830053925514221191e-01,0.000000000000000000e+00
8.504800000000000000e+04,2.207294616699218750e+02,-1.860833358764648438e+01,6.220799446105957031e+00,-1.360449886322021484e+01,-5.096118450164794922e-01,-5.096118450164794922e-01,0.000000000000000000e+00
8.505000000000000000e+04,2.206875000000000000e+02,-2.030416679382324219e+01,6.220799446105957031e+00,-1.282713794708251953e+01,-2.240656316280364990e-01,-2.240656316280364990e-01,0.000000000000000000e+00
8.505200000000000000e+04,2.206441955566406250e+02,-2.181666755676269531e+01,6.220799446105957031e+00,-1.208025741577148438e+01,5.208870768547058105e-02,5.208870768547058105e-02,0.000000000000000000e+00
8.505400000000000000e+04,2.206099548339843750e+02,-1.792083358764648438e+01,6.220799446105957031e+00,-1.136266231536865234e+01,-3.123565316200256348e-01,-3.123565316200256348e-01,0.000000000000000000e+00
8.505700000000000000e+04,2.205817565917968750e+02,-1.439166641235351562e+01,2.676994085311889648e+00,-1.081215953826904297e+01,-7.414280176162719727e-01,-7.414280176162719727e-01,0.000000000000000000e+00
8.505800000000000000e+04,2.205491943359375000e+02,-1.407083320617675781e+01,2.676994085311889648e+00,-1.028324222564697266e+01,-7.334763407707214355e-01,-7.334763407707214355e-01,0.000000000000000000e+00
8.506000000000000000e+04,2.205236816406250000e+02,-1.425416660308837891e+01,2.676994085311889648e+00,-9.775064468383789062e+00,-6.654177308082580566e-01,-6.654177308082580566e-01,0.000000000000000000e+00
8.506200000000000000e+04,2.204907836914062500e+02,-1.507916641235351562e+01,2.676994085311889648e+00,-9.286812782287597656e+00,-5.174911022186279297e-01,-5.174911022186279297e-01,0.000000000000000000e+00
8.506400000000000000e+04,2.204609069824218750e+02,-1.590416622161865234e+01,2.676994085311889648e+00,-8.817705154418945312e+00,-3.629958927631378174e-01,-3.629958927631378174e-01,0.000000000000000000e+00
8.506600000000000000e+04,2.204333801269531250e+02,-1.457500076293945312e+01,2.676994085311889648e+00,-8.366991996765136719e+00,-4.616770744323730469e-01,-4.616770744323730469e-01,0.000000000000000000e+00
8.506800000000000000e+04,2.204092102050781250e+02,-1.205416679382324219e+01,2.676994085311889648e+00,-7.933950901031494141e+00,-7.110688686370849609e-01,-7.110688686370849609e-01,0.000000000000000000e+00
8.507000000000000000e+04,2.203863830566406250e+02,-1.122916698455810547e+01,2.676994085311889648e+00,-7.517889499664306641e+00,-7.705900669097900391e-01,-7.705900669097900391e-01,0.000000000000000000e+00
8.507200000000000000e+04,2.203608703613281250e+02,-1.205416679382324219e+01,2.676994085311889648e+00,-7.118142127990722656e+00,-6.351937055587768555e-01,-6.351937055587768555e-01,0.000000000000000000e+00
8.507400000000000000e+04,2.203353576660156250e+02,-1.274166679382324219e+01,2.676994085311889648e+00,-6.734069347381591797e+00,-5.100497603416442871e-01,-5.100497603416442871e-01,0.000000000000000000e+00
8.507700000000000000e+04,2.203078308105468750e+02,-1.324583339691162109e+01,6.985560417175292969e+00,-6.196115016937255859e+00,-2.965709567070007324e-01,-2.965709567070007324e-01,0.000000000000000000e+00
8.507800000000000000e+04,2.202786254882812500e+02,-1.489583301544189453e+01,6.985560417175292969e+00,-5.679254055023193359e+00,-2.631726861000061035e-02,-2.631726861000061035e-02,0.000000000000000000e+00
8.508000000000000000e+04,2.202507629394531250e+02,-1.388750076293945312e+01,6.985560417175292969e+00,-5.182659626007080078e+00,-6.461137533187866211e-02,-6.461137533187866211e-02,0.000000000000000000e+00
8.508200000000000000e+04,2.202306213378906250e+02,-1.054166603088378906e+01,6.985560417175292969e+00,-4.705536842346191406e+00,-3.895161449909210205e-01,-3.895161449909210205e-01,0.000000000000000000e+00
8.508400000000000000e+04,2.202061157226562500e+02,-7.883333206176757812e+00,6.985560417175292969e+00,-4.247122287750244141e+00,-6.511198282241821289e-01,-6.511198282241821289e-01,0.000000000000000000e+00
8.508600000000000000e+04,2.201990661621093750e+02,-7.699999809265136719e+00,6.985560417175292969e+00,-3.806682586669921875e+00,-6.297312974929809570e-01,-6.297312974929809570e-01,0.000000000000000000e+00
8.508800000000000000e+04,2.201832885742187500e+02,-7.516666889190673828e+00,6.985560417175292969e+00,-3.383512735366821289e+00,-6.083412170410156250e-01,-6.083412170410156250e-01,0.000000000000000000e+00
8.509000000000000000e+04,2.201665039062500000e+02,-8.204166412353515625e+00,6.985560417175292969e+00,-2.976935625076293945e+00,-4.819347858428955078e-01,-4.819347858428955078e-01,0.000000000000000000e+00
8.509200000000000000e+04,2.201480407714843750e+02,-8.524999618530273438e+00,6.985560417175292969e+00,-2.586300611495971680e+00,-3.942468762397766113e-01,-3.942468762397766113e-01,0.000000000000000000e+00
8.509400000000000000e+04,2.201319274902343750e+02,-8.524999618530273438e+00,6.985560417175292969e+00,-2.210982561111450195e+00,-3.420245647430419922e-01,-3.420245647430419922e-01,0.000000000000000000e+00
8.509700000000000000e+04,2.201060791015625000e+02,-8.524999618530273438e+00,6.273938655853271484e+00,-1.878284215927124023e+00,-3.059156537055969238e-01,-3.059156537055969238e-01,0.000000000000000000e+00
8.509800000000000000e+04,2.200899658203125000e+02,-8.204166412353515625e+00,6.273938655853271484e+00,-1.558630943298339844e+00,-2.931086421012878418e-01,-2.931086421012878418e-01,0.000000000000000000e+00
8.510000000000000000e+04,2.200768737792968750e+02,-7.012499809265136719e+00,6.273938655853271484e+00,-1.251511573791503906e+00,-3.862085342407226562e-01,-3.862085342407226562e-01,0.000000000000000000e+00
8.510200000000000000e+04,2.200654602050781250e+02,-5.683333396911621094e+00,6.273938655853271484e+00,-9.564344286918640137e-01,-5.023266673088073730e-01,-5.023266673088073730e-01,0.000000000000000000e+00
8.510400000000000000e+04,2.200557250976562500e+02,-4.858333110809326172e+00,6.273938655853271484e+00,-6.729274392127990723e-01,-5.650396347045898438e-01,-5.650396347045898438e-01,0.000000000000000000e+00
8.510600000000000000e+04,2.200456542968750000e+02,-4.858333110809326172e+00,6.273938655853271484e+00,-4.005369544029235840e-01,-5.325541496276855469e-01,-5.325541496276855469e-01,0.000000000000000000e+00
8.510800000000000000e+04,2.200355834960937500e+02,-5.179166793823242188e+00,6.273938655853271484e+00,-1.388270258903503418e-01,-4.605005383491516113e-01,-4.605005383491516113e-01,0.000000000000000000e+00
8.511000000000000000e+04,2.200265197753906250e+02,-4.675000190734863281e+00,6.273938655853271484e+00,1.126210987567901611e-01,-4.850375056266784668e-01,-4.850375056266784668e-01,0.000000000000000000e+00
8.511200000000000000e+04,2.200184631347656250e+02,-3.987500190734863281e+00,6.273938655853271484e+00,3.542098104953765869e-01,-5.339903235435485840e-01,-5.339903235435485840e-01,0.000000000000000000e+00
8.511400000000000000e+04,2.200114135742187500e+02,-3.483333349227905273e+00,6.273938655853271484e+00,5.863256454467773438e-01,-5.643404126167297363e-01,-5.643404126167297363e-01,0.000000000000000000e+00
8.511700000000000000e+04,2.200060424804687500e+02,-2.841666698455810547e+00,2.575049877166748047e+00,6.643046140670776367e-01,-7.037487030029296875e-01,-7.037487030029296875e-01,0.000000000000000000e+00
8.511800000000000000e+04,2.200016784667968750e+02,-2.154166698455810547e+00,2.575049877166748047e+00,7.392259836196899414e-01,-7.783079743385314941e-01,-7.783079743385314941e-01,0.000000000000000000e+00
8.512000000000000000e+04,2.199969787597656250e+02,-2.154166698455810547e+00,2.575049877166748047e+00,8.112096786499023438e-01,-7.738919258117675781e-01,-7.738919258117675781e-01,0.000000000000000000e+00
8.512200000000000000e+04,2.199912719726562500e+02,-2.658333301544189453e+00,2.575049877166748047e+00,8.803708553314208984e-01,-7.082984447479248047e-01,-7.082984447479248047e-01,0.000000000000000000e+00
8.512400000000000000e+04,2.199838867187500000e+02,-3.162499904632568359e+00,2.575049877166748047e+00,9.468201398849487305e-01,-6.391314268112182617e-01,-6.391314268112182617e-01,0.000000000000000000e+00
8.512600000000000000e+04,2.199758300781250000e+02,-3.849999904632568359e+00,2.575049877166748047e+00,1.010663986206054688e+00,-5.442399978637695312e-01,-5.442399978637695312e-01,0.000000000000000000e+00
8.512800000000000000e+04,2.199684448242187500e+02,-3.849999904632568359e+00,2.575049877166748047e+00,1.072004437446594238e+00,-5.274493098258972168e-01,-5.274493098258972168e-01,0.000000000000000000e+00
8.513000000000000000e+04,2.199613952636718750e+02,-3.483333349227905273e+00,2.575049877166748047e+00,1.130939722061157227e+00,-5.543775558471679688e-01,-5.543775558471679688e-01,0.000000000000000000e+00
8.513200000000000000e+04,2.199553527832031250e+02,-3.345833301544189453e+00,2.575049877166748047e+00,1.187564134597778320e+00,-5.554918646812438965e-01,-5.554918646812438965e-01,0.000000000000000000e+00
