time_s,ideal_unit_step_response,estimate_60_deg_s,sensitivity_min_60_deg_s,sensitivity_max_60_deg_s,estimate_120_deg_s,sensitivity_min_120_deg_s,sensitivity_max_120_deg_s,estimate_400_deg_s,sensitivity_min_400_deg_s,sensitivity_max_400_deg_s
0.0,0.0,7.28595849039402e-15,1.0296395422778816e-15,7.892971935851377e-15,-5.181964070281481e-14,-5.181964070281481e-14,0.0,9.562839289695613e-14,4.020499324080512e-14,5.848390298606352e-13
0.02,0.18126924692201818,22.494237706594607,14.891518016684204,34.6586524981342,43.50080821246328,29.83392180097604,61.865259563085495,137.30714493704934,96.72946387263515,170.75905212351486
0.04,0.3296799539643607,29.820714479560678,22.533435191379944,38.541955030273414,60.6984667609947,46.27071708762849,76.50947209267503,154.9136740399323,128.89533275164786,185.21479693084947
0.06,0.4511883639059736,29.82936776214048,25.85660792535375,32.38193946697094,63.89200679960405,54.367349645810584,71.06175887210372,130.221125758015,128.9112167413868,144.55445136257654
0.08,0.5506710358827784,29.276492672204757,28.05261499652299,29.323184079619235,64.9781941959527,60.14807888431209,66.97253123843862,137.15773798497096,134.45793780743833,163.3449044663944
0.1,0.6321205588285577,30.628425096125923,30.570009444555502,32.077673872312104,68.91192547775108,66.51468481294413,71.38674636755992,182.18276996434474,158.46175498368302,238.58846801377726
0.12,0.6988057880877978,33.04856514896777,33.04856514896777,37.35879502992506,74.5733269833424,72.93891338089354,80.84967434198033,225.42247302596704,188.3482631039488,298.9660804946187
0.14,0.7534030360583935,35.37420119865685,35.308596536974,41.98459874564063,79.93428928090286,78.21162063649554,90.38548518508084,241.08940601612957,208.6313386710019,313.94241031022784
0.16,0.7981034820053445,37.62520450581584,37.21092040437684,45.27081953662637,85.14537438841941,82.61096518765277,98.4014198369528,243.4833659475375,219.12491864076227,320.24536522905936
0.18,0.8347011117784134,40.145116826725236,39.343409331533124,47.550210243886205,91.14395712339426,87.32092451817117,105.067211831938,260.09762338940453,231.4366125081921,359.2922867125676
0.2,0.8646647167633873,42.394315520231785,41.62037752446513,48.53595885030133,97.08158229384162,92.51641616901483,109.4166433030089,295.5649389212342,252.86116618883855,423.67411080774787
0.22,0.8891968416376661,43.33078286289536,43.33078286289536,47.93051035807735,100.59133171347811,96.86979563159268,110.0546223169201,330.3131732688462,278.4126231372059,475.6447144135575
0.24,0.9092820467105875,42.832593474721904,42.832593474721904,46.818062839046775,100.59868795491873,99.09228949844942,108.04954758839907,348.30436154734616,298.44446762567355,499.54553033722726
0.26,0.9257264217856661,42.135200592514664,42.135200592514664,47.207528116162884,98.91030737989428,98.91030737989428,107.13748033884846,355.0740223582871,310.1306819464977,516.3692323280039
0.28,0.9391899373747821,42.56681424766627,42.56681424766627,49.82559546379685,98.41530534285565,98.41530534285565,110.00685013100403,366.0082397208426,318.7179360938258,549.0412795595355
0.3,0.950212931632136,44.099203050010175,44.099203050010175,52.96390015908472,100.02971692371634,100.02971692371634,115.0063595972909,384.39825726558735,328.9446635483824,590.7368702049203
0.32,0.9592377960216337,45.4765119213717,45.4765119213717,54.1387170065029,101.99683738227914,101.88926400872208,117.63709912240327,398.41715857349277,338.78719968348196,616.6256593368861
0.34,0.9666267300396739,45.7062893289087,45.7062893289087,52.809424290134395,102.17026454088816,102.17026454088816,115.46506762593381,398.4448306800367,343.06868244439966,618.3529270749207
0.36,0.9726762775527075,45.07502966348706,45.07502966348706,50.949776116538594,100.39159987549657,100.39159987549657,110.81651741031956,390.23369988486263,341.17509443320614,613.8972344922863
0.38,0.9776292281438344,44.57846727804513,44.57846727804513,50.78828117944349,98.3072999343175,98.3072999343175,108.16928029772964,387.2751163935428,338.4894312011351,622.4460844011046
0.4,0.9816843611112658,44.670072856992306,44.670072856992306,52.408684619357466,97.29517659152012,97.29517659152012,109.38218470190552,393.8086428341694,340.02017243784843,640.0746621552431
0.42,0.9850044231795223,44.92986374742465,44.92986374742465,53.961683878643484,97.23577524934264,97.23577524934264,112.22036166208427,400.8351320648855,344.7423169743043,647.4713440351027
0.44,0.9877226600969315,44.8845772759719,44.8845772759719,54.004889202881614,97.32684726422414,97.32684726422414,113.45064638084122,399.0740166438202,347.70075844137966,636.7145955289907
0.46,0.9899481642553665,44.702942131716235,44.702942131716235,53.03254825810198,97.39358889139424,97.39358889139424,112.4616939972606,390.94629851822845,346.677744109872,620.7077414124149
0.48,0.99177025295098,44.81667694091371,44.81667694091371,52.51449886328463,97.83769895446962,97.83769895446962,111.28600133639073,386.3962700736903,344.72733515244346,614.5256493384751
0.5,0.9932620530009145,45.11367162976257,45.11367162976257,52.94263460449107,98.58858583783231,98.58858583783231,111.65190394861222,389.266952208444,345.7299315401054,615.3644055278118
0.52,0.9944834355792392,44.96967622996662,44.96967622996662,53.42279964403058,98.88118676711437,98.88118676711437,113.06799754467403,392.61756518448533,349.18001769887644,607.6256253899934
0.54,0.9954834190573874,44.16937908466111,44.16937908466111,53.12095927192284,98.35653988474907,98.35653988474907,114.01509221787649,388.57419291010524,351.01297809900313,584.9050130963248
0.56,0.996302136283517,43.4087607988465,43.4087607988465,52.44638461194754,97.84291289020166,97.84291289020166,114.11420665030818,379.07833558912574,349.141926056874,558.9150922947243
0.58,0.9969724452546241,43.51764340338054,43.51764340338054,52.37694915195168,98.40494667120021,98.40494667120021,114.2393561346051,373.41257889896855,346.346410488899,544.1853897544845
0.6,0.9975212478233336,44.304080625035375,44.304080625035375,52.9590059070339,99.71879782656403,99.71879782656403,114.76187282438075,376.2296467278874,346.82743698497103,539.7725031270238
0.62,0.9979705693637043,44.617222822984786,44.617222822984786,53.15315256601815,100.10928645114006,100.10928645114006,114.76734756737093,381.97211483480095,350.99251595189725,532.064554354543
0.64,0.998338442726826,43.751149384369576,43.751149384369576,52.316488437139924,98.60066663639138,98.60066663639138,113.52887233348807,382.5935150046061,355.1374879683798,513.9019451117962
0.66,0.9986396319624521,42.47138777126964,42.47138777126964,51.27348489303518,96.4729924808597,96.4729924808597,112.04814186093802,377.9864555458093,356.2245619676851,494.0720281987537
0.68,0.9988862248521552,42.22546577132178,42.22546577132178,51.36319389275684,96.03343338245699,96.03343338245699,112.10426274543634,375.537290974857,355.51014197569833,485.1645444331572
0.7000000000000001,0.9990881180344455,43.35496472701678,43.35496472701678,52.59443542639568,97.76911132898408,97.76911132898408,113.73838546931668,379.96869773241906,356.543275438764,486.8730417775909
0.72,0.9992534141916233,44.54448824760928,44.54448824760928,53.427726487634985,99.44565635734183,99.44565635734183,114.69249106542722,387.1874310062235,360.4146310588804,487.104224706094
0.74,0.9993887472388704,44.357259286280815,44.357259286280815,52.70303255377804,98.64611468656507,98.64611468656507,113.10182096390977,389.994947814522,364.46185633801673,478.71713322627755
0.76,0.9994995485665594,43.07276407526439,43.07276407526439,51.30838580473624,95.89798054233111,95.89798054233111,110.24946727863696,387.6463856118986,365.88398734892354,468.9759635148329
0.78,0.9995902650210202,42.483038197681594,42.483038197681594,51.2551396437164,94.39277811818316,94.39277811818316,109.49633711473255,386.50455976728944,365.3473150975477,469.2699046501698
0.8,0.9996645373720975,43.72323781698125,43.72323781698125,53.085028049131985,96.23695875806384,96.23695875806384,112.13655321738204,391.2398020855454,365.92329460004953,479.4329845411901
0.8200000000000001,0.9997253464300279,45.73919010712659,45.73919010712659,54.90157358920056,99.6336724194374,99.6336724194374,115.27220525897927,398.5487720778156,368.9532219976202,487.89799507402165
0.84,0.9997751326758212,46.40431949362075,46.40431949362075,54.53716265907717,100.6933468711989,100.6933468711989,114.90305262768693,401.6691699567572,372.3478125912451,487.17284693881095
0.86,0.9998158942063324,45.105753503836894,45.105753503836894,52.38557949692812,98.09369331960718,98.09369331960718,110.98319053213721,399.38627823603855,373.4285682978712,483.4771213089624
0.88,0.9998492669249045,43.67103587100954,43.67103587100954,51.26564742228673,95.04560095660595,95.04560095660595,108.14284060542111,397.3854210057525,372.4117347878355,487.5767719264123
0.9,0.9998765901959134,44.334600847570954,44.334600847570954,53.12404954373901,95.84382285849927,95.84382285849927,110.5154948266282,400.30842815546663,371.95796670136644,499.490405232253
0.92,0.9998989605981629,47.01567840219663,47.01567840219663,56.424825918983736,100.71695360811673,100.71695360811673,116.43730520159548,405.4066618855739,373.56162994052664,508.0055319476963
0.9400000000000001,0.9999172759344434,49.18655972028883,49.18655972028883,57.605042956477504,105.08273586191088,105.08273586191088,119.6445360820434,406.3978057561634,375.69566605273366,505.70761430065403
0.96,0.9999322712635091,48.67740138473461,48.67740138473461,55.2136560462223,104.47199278873752,104.47199278873752,116.25965715953937,402.2142348895895,376.1157457367781,498.986967805779
0.98,0.9999445484005678,46.26013036737065,46.26013036737065,52.64010292665591,99.7218261996051,99.7218261996051,110.13632678768583,398.62970749226474,375.06593398426594,499.1782896371374
1.0,0.9999546000702375,44.96444843919739,44.96444843919739,51.727236540130235,96.41537177996544,96.41537177996544,107.427497261728,400.400463012556,374.9621280424368,506.7242612366625
1.02,0.9999628296813159,46.78248922140916,46.78248922140916,55.49447953825855,98.93317526362038,98.93317526362038,112.76623986066808,404.5801659528997,376.98906608708785,510.08517845390713
1.04,0.9999695675169916,50.43578885394229,50.43578885394229,59.682683358933076,105.62799219395141,105.62799219395141,120.84876533824522,404.32557768633455,379.32570369535233,501.2902893959449
1.06,0.9999750839902685,52.70219426175994,52.70219426175994,60.12389726253151,110.46375154627646,110.46375154627646,123.57420820242314,398.3134101124369,379.5606726953574,487.1175035092984
1.08,0.9999796004965888,51.81037878035128,51.81037878035128,56.53685045045507,109.30938368636923,109.30938368636923,118.24566201529412,392.94883507223534,378.10550111229134,480.3031855454732
1.1,0.9999832982992097,49.19216606898876,49.19216606898876,54.97579836613409,104.07665057159815,104.07665057159815,113.65401905776805,393.9748193321735,377.8726513128838,482.2762006821387
1.12,0.9999863258039343,47.84863558039161,47.84863558039161,53.69500165332171,100.50405061775945,100.50405061775945,110.68812351827222,398.58513404779325,380.43453154465857,481.0290585896837
1.1400000000000001,0.9999888045151574,49.30589504942456,49.30589504942456,56.8840856763687,102.33620741055485,102.33620741055485,113.82503865936867,398.97867513692694,383.77998566189837,467.6348160595088
1.16,0.9999908339122637,52.39125767770453,52.39125767770453,60.91202234120629,108.08187269021607,108.08187269021607,121.9422776210713,393.02692695650796,384.88378558769097,449.1691279255523
1.18,0.9999924954420849,54.74855792058962,54.74855792058962,61.67057985261303,113.13359594916359,113.13359594916359,125.51524488505807,387.64704018994485,383.8513371649226,439.851690961045
1.2,0.9999938557876467,55.09451077606279,55.09451077606279,59.1583115481596,114.26916591431409,114.26916591431409,122.37078469634837,389.7561784242967,384.00401453525274,441.77708110190406
1.22,0.9999949695443929,53.92609623958369,53.92609623958369,58.00085364176207,111.86140652534199,111.86140652534199,118.8296268690674,396.60837545901245,387.4755375201359,441.7213826540185
1.24,0.9999958814112925,52.53440390370408,52.53440390370408,57.214262329192245,108.50888149865821,108.50888149865821,117.02975627500277,398.93847337792204,392.053997019448,429.3126047376908
1.26,0.9999966279847659,51.884535412273905,51.884535412273905,56.25360745313032,106.56858723617115,106.56858723617115,115.02947529495863,393.4185905878227,393.4185905878227,412.0321145755762
1.28,0.999997239227428,52.394754453275056,52.394754453275056,58.38791845520685,107.101371672134,107.101371672134,116.32992145612437,387.68238016506194,387.68238016506194,405.56549647394746
1.3,0.999997739670593,54.129891980796074,54.129891980796074,60.736462890958215,110.11170889307792,110.11170889307792,121.16374603022962,390.31251241525496,390.31251241525496,411.812282040232
1.32,0.9999981493988024,56.627010124772056,56.627010124772056,62.208308757904,114.63599968468816,114.63599968468816,124.93774235216124,398.72853909253035,393.5726755240841,415.45965822939206
1.34,0.9999984848558878,58.661369828272726,58.661369828272726,61.94484840036505,118.56233246210432,118.56233246210432,125.59946521264682,402.0095247481038,398.41797295849034,405.45743489697185
1.36,0.99999875950492,58.85642338490281,58.85642338490281,60.73807277874576,119.44434385677374,119.44434385677374,122.62053573391027,395.9961285514117,391.6952519599186,400.40641368419483
1.3800000000000001,0.999998984368529,57.01714426850542,56.56241895519243,60.280313493142145,116.52785235296821,115.59239851272262,122.25003326272288,390.00897065514096,390.00897065514096,397.9711042087789
1.4000000000000001,0.9999991684712809,54.738852596521724,54.738852596521724,58.667354013515705,112.03942469561115,111.44647095181257,119.56837768182912,394.202611053961,394.202611053961,402.80951336501926
1.42,0.9999993192018656,54.22556403552977,54.22556403552977,58.02760934889648,109.78565437668637,109.78565437668637,116.57576210234349,403.7872035291391,397.27595136627104,406.2236435990202
1.44,0.9999994426096307,56.20939143260954,56.20939143260954,62.520412916507425,111.8785987109596,111.8785987109596,122.56732198522566,404.24624033638736,395.2157710765366,404.24624033638736
1.46,0.9999995436473632,59.05829027121991,58.1666139472898,64.31561443216337,116.69260885721782,116.69260885721782,128.22480393856898,395.0601610722076,390.3069517711391,403.85957834202736
1.48,0.999999626370062,59.99999999999998,59.99999999999998,60.000000000000014,120.00000000000003,119.99999999999999,120.00000000000006,400.0000000000001,400.0000000000001,400.0000000000007
1.5,0.9999996940976795,59.99999999999998,59.99999999999998,60.000000000000014,120.00000000000003,119.99999999999999,120.00000000000006,400.0000000000001,400.0000000000001,400.0000000000007
