tick,id,address,value
66805,1,28698,-0.05057111755013466
66806,1,28700,24.2115478515625
66825,1,28698,-0.06151439622044563
66845,1,28698,-0.04241873696446419
66865,1,28698,-0.052521757781505585
66885,1,28698,-0.054370928555727005
66905,1,28698,-0.05771365016698837
66925,1,28698,-0.04815027117729187
66945,1,28698,-0.044674843549728394
66965,1,28698,-0.025813130661845207
66985,1,28698,-0.045206110924482346
67005,1,28698,-0.051188137382268906
67006,1,28700,24.2115478515625
67025,1,28698,-0.03131527453660965
67045,1,28698,-0.03321409225463867
67065,1,28698,-0.04068446159362793
67085,1,28698,-0.04185749590396881
67105,1,28698,-0.039517637342214584
67125,1,28698,-0.03800079599022865
67145,1,28698,-0.044069357216358185
67165,1,28698,-0.0452302023768425
67185,1,28698,-0.04234298691153526
67205,1,28698,-0.04317000135779381
67206,1,28700,24.2115478515625
67225,1,28698,-0.04564802348613739
67245,1,28698,-0.045903392136096954
67265,1,28698,-0.04953405633568764
67285,1,28698,-0.048460155725479126
67305,1,28698,-0.0512227825820446
67325,1,28698,-0.05245622619986534
67345,1,28698,-0.05362831428647041
67365,1,28698,-0.051388029009103775
67385,1,28698,-0.05355484038591385
67405,1,28698,-0.05649050325155258
67406,1,28700,24.2115478515625
67425,1,28698,-0.05662546679377556
67445,1,28698,-0.058567408472299576
67465,1,28698,-0.05236752703785896
67485,1,28698,-0.05600789561867714
67505,1,28698,-0.06379840523004532
67525,1,28698,-0.05861501768231392
67545,1,28698,-0.06573634594678879
67565,1,28698,-0.06505605578422546
67585,1,28698,-0.06335803866386414
67605,1,28698,-0.06677733361721039
67606,1,28700,24.2115478515625
67625,1,28698,-0.06798194348812103
67645,1,28698,-0.05953383445739746
67665,1,28698,-0.07045094668865204
67685,1,28698,-0.07687141001224518
67705,1,28698,-0.07599063217639923
67725,1,28698,-0.07525551319122314
67745,1,28698,-0.07884681224822998
67765,1,28698,-0.07899467647075653
67785,1,28698,-0.08173274993896484
67805,1,28698,-0.07182052731513977
67806,1,28700,24.2115478515625
67825,1,28698,-0.0707305446267128
67845,1,28698,0.2869170010089874
67865,1,28698,0.8340635299682617
67885,1,28698,1.4483249187469482
67905,1,28698,2.0173678398132324
67925,1,28698,2.4993560314178467
67945,1,28698,2.9619216918945312
67965,1,28698,3.300621747970581
67985,1,28698,3.385868549346924
68005,1,28698,3.3324625492095947
68006,1,28700,24.036100387573242
68025,1,28698,3.2259223461151123
68045,1,28698,3.188047170639038
68065,1,28698,3.088066816329956
68085,1,28698,2.999607801437378
68105,1,28698,2.8992764949798584
68125,1,28698,2.620987892150879
68145,1,28698,2.4418482780456543
68165,1,28698,2.16338849067688
68185,1,28698,2.0252692699432373
68205,1,28698,1.7848918437957764
68206,1,28700,24.17645835876465
68225,1,28698,1.5773180723190308
68245,1,28698,1.511838436126709
68265,1,28698,1.474332571029663
68285,1,28698,1.4740710258483887
68305,1,28698,1.4561313390731812
68325,1,28698,1.30683171749115
68345,1,28698,1.1535755395889282
68365,1,28698,1.0232938528060913
68385,1,28698,0.936062753200531
68405,1,28698,0.8850675821304321
68406,1,28700,24.17645835876465
68425,1,28698,0.8434432148933411
68445,1,28698,0.8365477323532104
68465,1,28698,0.8075467944145203
68485,1,28698,0.687197208404541
68505,1,28698,0.49430394172668457
68525,1,28698,0.3263464570045471
68545,1,28698,0.12112698704004288
68565,1,28698,-0.06649208068847656
68585,1,28698,-0.16694575548171997
68605,1,28698,-0.18682780861854553
68606,1,28700,24.2115478515625
68625,1,28698,-0.5732606649398804
68645,1,28698,-0.9312995076179504
68665,1,28698,-1.32494056224823
68685,1,28698,-1.6545928716659546
68705,1,28698,-2.1454429626464844
68725,1,28698,-2.513700246810913
68745,1,28698,-2.724862575531006
68765,1,28698,-2.852795124053955
68785,1,28698,-2.9031803607940674
68805,1,28698,-2.8891441822052
68806,1,28700,24.071189880371094
68825,1,28698,-2.8803327083587646
68845,1,28698,-2.814375400543213
68865,1,28698,-2.7523984909057617
68885,1,28698,-2.5959346294403076
68905,1,28698,-2.4982404708862305
68925,1,28698,-2.373286247253418
68945,1,28698,-2.1519124507904053
68965,1,28698,-1.781893014907837
68985,1,28698,-1.6079775094985962
69005,1,28698,-1.417235016822815
69006,1,28700,24.17645835876465
69025,1,28698,-1.1271849870681763
69045,1,28698,-1.0719432830810547
69065,1,28698,-0.9799385070800781
69085,1,28698,-0.8803384900093079
69105,1,28698,-0.821313738822937
69125,1,28698,-0.8200520873069763
69145,1,28698,-0.7747363448143005
69165,1,28698,-0.6288793087005615
69185,1,28698,-0.4703095257282257
69205,1,28698,-0.3555234372615814
69206,1,28700,24.2115478515625
69225,1,28698,-0.3370717167854309
69245,1,28698,-0.24563634395599365
69265,1,28698,-0.0827098861336708
69285,1,28698,-0.09079033881425858
69305,1,28698,0.05530242249369621
69325,1,28698,0.06175224483013153
69345,1,28698,0.21746842563152313
69365,1,28698,0.3146446645259857
69385,1,28698,0.3591792583465576
69405,1,28698,0.4507800340652466
69406,1,28700,24.2115478515625
69425,1,28698,0.6279147267341614
69445,1,28698,0.8369782567024231
69465,1,28698,1.0648443698883057
69485,1,28698,1.2806516885757446
69505,1,28698,1.5091792345046997
69525,1,28698,1.7476577758789062
69545,1,28698,1.8742340803146362
69565,1,28698,1.970604419708252
69585,1,28698,2.090576410293579
69605,1,28698,2.240513324737549
69606,1,28700,24.141368865966797
69625,1,28698,2.2112960815429688
69645,1,28698,2.260050058364868
69665,1,28698,2.2723569869995117
69685,1,28698,2.1932315826416016
69705,1,28698,2.2005598545074463
69725,1,28698,1.9731781482696533
69745,1,28698,1.7685620784759521
69765,1,28698,1.7665749788284302
69785,1,28698,1.6394940614700317
69805,1,28698,1.5322104692459106
69806,1,28700,24.17645835876465
69825,1,28698,1.5011273622512817
69845,1,28698,1.5795602798461914
69865,1,28698,1.456182599067688
69885,1,28698,1.382054328918457
69905,1,28698,1.3478819131851196
69925,1,28698,1.275425672531128
69945,1,28698,1.1180369853973389
69965,1,28698,0.9790692329406738
69985,1,28698,0.8769089579582214
70005,1,28698,0.839026153087616
70006,1,28700,24.2115478515625
70025,1,28698,0.6994828581809998
70045,1,28698,0.5501533150672913
70065,1,28698,0.49520206451416016
70085,1,28698,0.4343544840812683
70105,1,28698,0.42252102494239807
70125,1,28698,0.4300242066383362
70145,1,28698,0.41653841733932495
70165,1,28698,0.46532535552978516
70185,1,28698,0.4505200982093811
70205,1,28698,0.348866730928421
70206,1,28700,24.2115478515625
70225,1,28698,0.1058472990989685
70245,1,28698,-0.13084548711776733
70265,1,28698,-0.05208669230341911
70285,1,28698,-0.16483967006206512
70305,1,28698,-0.4031204879283905
70325,1,28698,-0.7705928087234497
70345,1,28698,-1.1527891159057617
70365,1,28698,-1.4970591068267822
70385,1,28698,-1.8949772119522095
70405,1,28698,-2.2308011054992676
70406,1,28700,24.141368865966797
70425,1,28698,-2.457918882369995
70445,1,28698,-2.6207900047302246
70465,1,28698,-2.7113022804260254
70485,1,28698,-2.709808349609375
70505,1,28698,-2.6755011081695557
70525,1,28698,-2.614696741104126
70545,1,28698,-2.5194623470306396
70565,1,28698,-2.44482159614563
70585,1,28698,-2.3255832195281982
70605,1,28698,-2.0431952476501465
70606,1,28700,24.141368865966797
70625,1,28698,-1.838700771331787
70645,1,28698,-1.7046853303909302
70665,1,28698,-1.5063375234603882
70685,1,28698,-1.1399085521697998
70705,1,28698,-1.0276435613632202
70725,1,28698,-0.8756107091903687
70745,1,28698,-0.761562705039978
70765,1,28698,-0.6214644312858582
70785,1,28698,-0.5813034176826477
70805,1,28698,-0.5745046138763428
70806,1,28700,24.17645835876465
70825,1,28698,-0.4591289162635803
70845,1,28698,-0.312004417181015
70865,1,28698,-0.14728574454784393
70885,1,28698,-0.015032792463898659
70905,1,28698,0.15841415524482727
70925,1,28698,0.03164505958557129
70945,1,28698,0.12797868251800537
70965,1,28698,0.26865825057029724
70985,1,28698,0.35852015018463135
71005,1,28698,0.5345901250839233
71006,1,28700,24.2115478515625
71025,1,28698,0.7522512674331665
71045,1,28698,1.0100387334823608
71065,1,28698,1.2792483568191528
71085,1,28698,1.5054751634597778
71105,1,28698,1.7130149602890015
71125,1,28698,1.9437566995620728
71145,1,28698,2.116079092025757
71165,1,28698,2.2744836807250977
71185,1,28698,2.2535037994384766
71205,1,28698,2.273454189300537
71206,1,28700,24.106279373168945
71225,1,28698,2.4207215309143066
71245,1,28698,2.431394100189209
71265,1,28698,2.407336473464966
71285,1,28698,2.248119354248047
71305,1,28698,2.238325834274292
71325,1,28698,1.9688401222229004
71345,1,28698,1.6512117385864258
71365,1,28698,1.3826857805252075
71385,1,28698,1.3385119438171387
71405,1,28698,1.1667349338531494
71406,1,28700,24.17645835876465
71425,1,28698,1.1227105855941772
71445,1,28698,1.0771623849868774
71465,1,28698,1.0800527334213257
71485,1,28698,0.9584412574768066
71505,1,28698,0.8333745002746582
71525,1,28698,0.6979627013206482
71545,1,28698,0.6248593926429749
71565,1,28698,0.58245450258255
71585,1,28698,0.5321458578109741
71605,1,28698,0.38193365931510925
71606,1,28700,24.2115478515625
71625,1,28698,0.2804488241672516
71645,1,28698,0.22844038903713226
71665,1,28698,0.17636887729167938
71685,1,28698,0.10083451867103577
71705,1,28698,-0.035959865897893906
71725,1,28698,-0.005411284044384956
71745,1,28698,0.024129396304488182
71765,1,28698,-0.22528181970119476
71785,1,28698,-0.5997398495674133
71805,1,28698,-1.015115737915039
71806,1,28700,24.17645835876465
71825,1,28698,-1.3869985342025757
71845,1,28698,-1.6750496625900269
71865,1,28698,-1.9645339250564575
71885,1,28698,-2.219585418701172
71905,1,28698,-2.3653929233551025
71925,1,28698,-2.524925708770752
71945,1,28698,-2.5534791946411133
71965,1,28698,-2.583294153213501
71985,1,28698,-2.3872478008270264
72005,1,28698,-2.263049840927124
72006,1,28700,24.106279373168945
72025,1,28698,-2.0100767612457275
72045,1,28698,-1.8802181482315063
72065,1,28698,-1.735456109046936
72085,1,28698,-1.5776700973510742
72105,1,28698,-1.2968531847000122
72125,1,28698,-1.1354751586914062
72145,1,28698,-0.956994891166687
72165,1,28698,-0.6637749075889587
72185,1,28698,-0.514197587966919
72205,1,28698,-0.36335161328315735
72206,1,28700,24.2115478515625
72225,1,28698,-0.3130841851234436
72245,1,28698,-0.3746500313282013
72265,1,28698,-0.3739034831523895
72285,1,28698,-0.3055509924888611
72305,1,28698,-0.12277422100305557
72325,1,28698,-0.011854242533445358
72345,1,28698,-0.012737791985273361
72365,1,28698,0.08841271698474884
72385,1,28698,0.2818191349506378
72405,1,28698,0.47114622592926025
72406,1,28700,24.2115478515625
72425,1,28698,0.7244870066642761
72445,1,28698,1.022101879119873
72465,1,28698,1.3311359882354736
72485,1,28698,1.646119236946106
72505,1,28698,2.0304641723632812
72525,1,28698,2.3127899169921875
72545,1,28698,2.360440492630005
72565,1,28698,2.4387457370758057
72585,1,28698,2.5261917114257812
72605,1,28698,2.5114357471466064
72606,1,28700,24.141368865966797
72625,1,28698,2.490680456161499
72645,1,28698,2.4937543869018555
72665,1,28698,2.2512738704681396
72685,1,28698,2.0394303798675537
72705,1,28698,1.7756320238113403
72725,1,28698,1.59037446975708
72745,1,28698,1.234348177909851
72765,1,28698,1.001537561416626
72785,1,28698,0.9036604762077332
72805,1,28698,0.8642187714576721
72806,1,28700,24.17645835876465
72825,1,28698,0.8038519620895386
72845,1,28698,0.7063828706741333
72865,1,28698,0.5578495264053345
72885,1,28698,0.46508634090423584
72905,1,28698,0.3006954789161682
72925,1,28698,0.2190798968076706
72945,1,28698,0.1095765084028244
72965,1,28698,0.008600554428994656
72985,1,28698,-0.09779169410467148
73005,1,28698,-0.10391688346862793
73006,1,28700,24.2115478515625
73025,1,28698,-0.14969511330127716
73045,1,28698,-0.2886463701725006
73065,1,28698,-0.6156894564628601
73085,1,28698,-1.0558090209960938
73105,1,28698,-1.4336248636245728
73125,1,28698,-1.714354395866394
73145,1,28698,-1.9452017545700073
73165,1,28698,-2.185596227645874
73185,1,28698,-2.3213727474212646
73205,1,28698,-2.434701919555664
73206,1,28700,24.106279373168945
73225,1,28698,-2.5205132961273193
73245,1,28698,-2.4510364532470703
73265,1,28698,-2.224170684814453
73285,1,28698,-2.1354920864105225
73305,1,28698,-1.9171810150146484
73325,1,28698,-1.704093337059021
73345,1,28698,-1.4388405084609985
73365,1,28698,-1.1696447134017944
73385,1,28698,-0.9808397889137268
73405,1,28698,-0.7159950137138367
73406,1,28700,24.17645835876465
73425,1,28698,-0.4427003562450409
73445,1,28698,-0.23026737570762634
73465,1,28698,0.019235555082559586
73485,1,28698,0.1550474762916565
73505,1,28698,0.010793911293148994
73525,1,28698,-0.046352777630090714
73545,1,28698,-0.0019510781858116388
73565,1,28698,0.14653664827346802
73585,1,28698,0.3459545075893402
73605,1,28698,0.580557644367218
73606,1,28700,24.2115478515625
73625,1,28698,0.869347095489502
73645,1,28698,1.1691843271255493
73665,1,28698,1.4309518337249756
73685,1,28698,1.6998519897460938
73705,1,28698,2.018247127532959
73725,1,28698,2.23256778717041
73745,1,28698,2.4477109909057617
73765,1,28698,2.552267551422119
73785,1,28698,2.559382438659668
73805,1,28698,2.643075704574585
73806,1,28700,24.141368865966797
73825,1,28698,2.5837173461914062
73845,1,28698,2.4495925903320312
73865,1,28698,2.265108585357666
73885,1,28698,2.0084645748138428
73905,1,28698,1.7998614311218262
73925,1,28698,1.4354392290115356
73945,1,28698,1.0568313598632812
73965,1,28698,0.7966693639755249
73985,1,28698,0.6744441390037537
74005,1,28698,0.6051566004753113
74006,1,28700,24.2115478515625
74025,1,28698,0.4933450222015381
74045,1,28698,0.3787274956703186
74065,1,28698,0.282365620136261
74085,1,28698,0.09280584752559662
74105,1,28698,-0.03768790885806084
74125,1,28698,-0.05089126527309418
74145,1,28698,0.015099779702723026
74165,1,28698,-0.09673643112182617
74185,1,28698,-0.37384581565856934
74205,1,28698,-0.7619608044624329
74206,1,28700,24.2115478515625
74225,1,28698,-1.1444772481918335
74245,1,28698,-1.4714306592941284
74265,1,28698,-1.8355399370193481
74285,1,28698,-2.0606255531311035
74305,1,28698,-2.2739763259887695
74325,1,28698,-2.435852289199829
74345,1,28698,-2.404370069503784
74365,1,28698,-2.3176138401031494
74385,1,28698,-2.2943477630615234
74405,1,28698,-2.1589605808258057
74406,1,28700,24.106279373168945
74425,1,28698,-1.9360533952713013
74445,1,28698,-1.6816473007202148
74465,1,28698,-1.2716748714447021
74485,1,28698,-0.9825479984283447
74505,1,28698,-0.7814472913742065
74525,1,28698,-0.5591410398483276
74545,1,28698,-0.27434584498405457
74565,1,28698,-0.09995153546333313
74585,1,28698,-0.1273031085729599
74605,1,28698,-0.041081350296735764
74606,1,28700,24.2115478515625
74625,1,28698,0.1934398114681244
74645,1,28698,0.3373910188674927
74665,1,28698,0.533707857131958
74685,1,28698,0.7530435919761658
74705,1,28698,0.9996401071548462
74725,1,28698,1.3165106773376465
74745,1,28698,1.6618834733963013
74765,1,28698,2.0430119037628174
74785,1,28698,2.400993585586548
74805,1,28698,2.5633161067962646
74806,1,28700,24.106279373168945
74825,1,28698,2.7622592449188232
74845,1,28698,2.8700616359710693
74865,1,28698,2.835508108139038
74885,1,28698,2.688257932662964
74905,1,28698,2.580496311187744
74925,1,28698,2.3973865509033203
74945,1,28698,2.1897692680358887
74965,1,28698,1.913495421409607
74985,1,28698,1.4717941284179688
75005,1,28698,1.0556806325912476
75006,1,28700,24.17645835876465
75025,1,28698,0.7319027185440063
75045,1,28698,0.5660026669502258
75065,1,28698,0.41717880964279175
75085,1,28698,0.33737167716026306
75105,1,28698,0.15975749492645264
75125,1,28698,0.08029858022928238
75145,1,28698,0.027620861306786537
75165,1,28698,0.10903599113225937
75185,1,28698,-0.09941447526216507
75205,1,28698,-0.4698018431663513
75206,1,28700,24.17645835876465
75225,1,28698,-0.8330482840538025
75245,1,28698,-1.1975436210632324
75265,1,28698,-1.547802209854126
75285,1,28698,-1.875465750694275
75305,1,28698,-2.0562524795532227
75325,1,28698,-2.2697196006774902
75345,1,28698,-2.325563430786133
75365,1,28698,-2.3813462257385254
75385,1,28698,-2.430696487426758
75405,1,28698,-2.3133151531219482
75406,1,28700,24.106279373168945
75425,1,28698,-2.086472988128662
75445,1,28698,-1.8275392055511475
75465,1,28698,-1.437175989151001
75485,1,28698,-1.0583609342575073
75505,1,28698,-0.7798551917076111
75525,1,28698,-0.5434012413024902
75545,1,28698,-0.29682719707489014
75565,1,28698,-0.07053720951080322
75585,1,28698,-0.10479945689439774
75605,1,28698,0.04042639210820198
75606,1,28700,24.2115478515625
75625,1,28698,0.3262433707714081
75645,1,28698,0.5754088759422302
75665,1,28698,0.8165630102157593
75685,1,28698,1.1121689081192017
75705,1,28698,1.4092209339141846
75725,1,28698,1.7487152814865112
75745,1,28698,2.114201545715332
75765,1,28698,2.4205076694488525
75785,1,28698,2.602908134460449
75805,1,28698,2.6675517559051514
75806,1,28700,24.106279373168945
75825,1,28698,2.6993985176086426
75845,1,28698,2.6526544094085693
75865,1,28698,2.5507946014404297
75885,1,28698,2.403761386871338
75905,1,28698,2.2965588569641113
75925,1,28698,1.9927058219909668
75945,1,28698,1.5902141332626343
75965,1,28698,1.132809042930603
75985,1,28698,0.7501124739646912
76005,1,28698,0.46208029985427856
76006,1,28700,24.17645835876465
76025,1,28698,0.2820260524749756
76045,1,28698,0.09971500188112259
76065,1,28698,-0.05010533705353737
76085,1,28698,-0.07926387339830399
76105,1,28698,-0.019511733204126358
76125,1,28698,-0.3458595275878906
76145,1,28698,-0.6926347613334656
76165,1,28698,-1.0679705142974854
76185,1,28698,-1.479609489440918
76205,1,28698,-1.7922719717025757
76206,1,28700,24.141368865966797
76225,1,28698,-1.9764764308929443
76245,1,28698,-2.105818748474121
76265,1,28698,-2.225759506225586
76285,1,28698,-2.2517409324645996
76305,1,28698,-2.1947145462036133
76325,1,28698,-2.123603105545044
76345,1,28698,-1.9494839906692505
76365,1,28698,-1.6671278476715088
76385,1,28698,-1.2928720712661743
76405,1,28698,-0.9702067971229553
76406,1,28700,24.2115478515625
76425,1,28698,-0.6608385443687439
76445,1,28698,-0.39684247970581055
76465,1,28698,-0.1521216332912445
76485,1,28698,-0.10399767011404037
76505,1,28698,-0.0051353792659938335
76525,1,28698,0.3244631290435791
76545,1,28698,0.6064539551734924
76565,1,28698,0.9679608941078186
76585,1,28698,1.3207560777664185
76605,1,28698,1.6560875177383423
76606,1,28700,24.17645835876465
76625,1,28698,1.9367702007293701
76645,1,28698,2.162215232849121
76665,1,28698,2.256187677383423
76685,1,28698,2.36736798286438
76705,1,28698,2.5031285285949707
76725,1,28698,2.4976260662078857
76745,1,28698,2.4184248447418213
76765,1,28698,2.281855821609497
76785,1,28698,2.059715747833252
76805,1,28698,1.7524101734161377
76806,1,28700,24.17645835876465
76825,1,28698,1.3939411640167236
76845,1,28698,1.0229910612106323
76865,1,28698,0.6566139459609985
76885,1,28698,0.3353792726993561
76905,1,28698,0.0460994578897953
76925,1,28698,-0.04878445714712143
76945,1,28698,-0.11551809310913086
76965,1,28698,-0.10266175866127014
76985,1,28698,-0.4699627757072449
77005,1,28698,-0.8245355486869812
77006,1,28700,24.17645835876465
77025,1,28698,-1.2157849073410034
77045,1,28698,-1.6418856382369995
77065,1,28698,-1.9476568698883057
77085,1,28698,-2.0644288063049316
77105,1,28698,-2.169368267059326
77125,1,28698,-2.1491267681121826
77145,1,28698,-2.0741078853607178
77165,1,28698,-1.9302674531936646
77185,1,28698,-1.7025493383407593
77205,1,28698,-1.4214720726013184
77206,1,28700,24.141368865966797
77225,1,28698,-1.1175857782363892
77245,1,28698,-0.8536542654037476
77265,1,28698,-0.5594421029090881
77285,1,28698,-0.2535485327243805
77305,1,28698,0.0913703590631485
77325,1,28698,0.19222737848758698
77345,1,28698,0.2926727533340454
77365,1,28698,0.5831419229507446
77385,1,28698,0.8938711881637573
77405,1,28698,1.248522400856018
77406,1,28700,24.17645835876465
77425,1,28698,1.5936062335968018
77445,1,28698,1.871877908706665
77465,1,28698,2.124433994293213
77485,1,28698,2.2872657775878906
77505,1,28698,2.2781450748443604
77525,1,28698,2.2246458530426025
77545,1,28698,2.19301700592041
77565,1,28698,2.080631732940674
77585,1,28698,1.900111436843872
77605,1,28698,1.6428179740905762
77606,1,28700,24.141368865966797
77625,1,28698,1.3675569295883179
77645,1,28698,1.0740952491760254
77665,1,28698,0.7310953140258789
77685,1,28698,0.3560105562210083
77705,1,28698,-0.03061564452946186
77725,1,28698,-0.02398509532213211
77745,1,28698,-0.07320746779441833
77765,1,28698,-0.3864522874355316
77785,1,28698,-0.8316826820373535
77805,1,28698,-1.2218518257141113
77806,1,28700,24.17645835876465
77825,1,28698,-1.6783924102783203
77845,1,28698,-2.044611930847168
77865,1,28698,-2.119401693344116
77885,1,28698,-2.1144726276397705
77905,1,28698,-2.102506637573242
77925,1,28698,-1.9826381206512451
77945,1,28698,-1.7948188781738281
77965,1,28698,-1.6085020303726196
77985,1,28698,-1.3266054391860962
78005,1,28698,-0.9973186254501343
78006,1,28700,24.17645835876465
78025,1,28698,-0.6761261820793152
78045,1,28698,-0.3752923905849457
78065,1,28698,-0.03658539429306984
78085,1,28698,0.12878963351249695
78105,1,28698,0.19034123420715332
78125,1,28698,0.4089743196964264
78145,1,28698,0.7678288817405701
78165,1,28698,1.2299754619598389
78185,1,28698,1.6538679599761963
78205,1,28698,2.0175225734710693
78206,1,28700,24.141368865966797
78225,1,28698,2.198438882827759
78245,1,28698,2.228907823562622
78265,1,28698,2.2143311500549316
78285,1,28698,2.0682332515716553
78305,1,28698,1.8620151281356812
78325,1,28698,1.6378121376037598
78345,1,28698,1.4503912925720215
78365,1,28698,1.243290901184082
78385,1,28698,1.052384853363037
78405,1,28698,0.8050663471221924
78406,1,28700,24.17645835876465
78425,1,28698,0.46730148792266846
78445,1,28698,0.07921207696199417
78465,1,28698,0.08009135723114014
78485,1,28698,-0.20386378467082977
78505,1,28698,-0.7010740637779236
78525,1,28698,-1.127824068069458
78545,1,28698,-1.5415980815887451
78565,1,28698,-1.9046719074249268
78585,1,28698,-2.0380327701568604
78605,1,28698,-2.0574710369110107
78606,1,28700,24.17645835876465
78625,1,28698,-1.9723180532455444
78645,1,28698,-1.7999497652053833
78665,1,28698,-1.5925836563110352
78685,1,28698,-1.338318109512329
78705,1,28698,-1.0947766304016113
78725,1,28698,-0.8363797068595886
78745,1,28698,-0.5540481209754944
78765,1,28698,-0.2403184473514557
78785,1,28698,0.16276909410953522
78805,1,28698,-0.13889069855213165
78806,1,28700,24.2115478515625
78825,1,28698,0.3828333616256714
78845,1,28698,0.8622491359710693
78865,1,28698,1.2802040576934814
78885,1,28698,1.6454050540924072
78905,1,28698,1.9412779808044434
78925,1,28698,2.1314785480499268
78945,1,28698,2.2022078037261963
78965,1,28698,2.1489808559417725
78985,1,28698,1.9824104309082031
79005,1,28698,1.7838935852050781
79006,1,28700,24.17645835876465
79025,1,28698,1.5614371299743652
79045,1,28698,1.3189934492111206
79065,1,28698,1.0650501251220703
79085,1,28698,0.7440532445907593
79105,1,28698,0.39782091975212097
79125,1,28698,0.028903553262352943
79145,1,28698,-0.06007855013012886
79165,1,28698,-0.4112941026687622
79185,1,28698,-0.8180425763130188
79205,1,28698,-1.2321736812591553
79206,1,28700,24.17645835876465
79225,1,28698,-1.629571795463562
79245,1,28698,-1.9566184282302856
79265,1,28698,-2.082195520401001
79285,1,28698,-2.036904811859131
79305,1,28698,-1.878525972366333
79325,1,28698,-1.6785011291503906
79345,1,28698,-1.3954906463623047
79365,1,28698,-1.0963484048843384
79385,1,28698,-0.8131642937660217
79405,1,28698,-0.514460027217865
79406,1,28700,24.2115478515625
79425,1,28698,-0.12882420420646667
79445,1,28698,-0.03491824120283127
79465,1,28698,0.17064879834651947
79485,1,28698,0.5607267618179321
79505,1,28698,0.9776362776756287
79525,1,28698,1.3634203672409058
79545,1,28698,1.6994718313217163
79565,1,28698,1.9730144739151
79585,1,28698,2.083707094192505
79605,1,28698,2.0484821796417236
79606,1,28700,24.141368865966797
79625,1,28698,1.9151997566223145
79645,1,28698,1.7598621845245361
79665,1,28698,1.553452968597412
79685,1,28698,1.2723853588104248
79705,1,28698,0.9653539061546326
79725,1,28698,0.6187284588813782
79745,1,28698,0.1687411069869995
79765,1,28698,-0.11152400076389313
79785,1,28698,-0.235684335231781
79805,1,28698,-0.6375125646591187
79806,1,28700,24.17645835876465
79825,1,28698,-1.067725419998169
79845,1,28698,-1.491639494895935
79865,1,28698,-1.8298406600952148
79885,1,28698,-1.9982578754425049
79905,1,28698,-1.988368272781372
79925,1,28698,-1.955101490020752
79945,1,28698,-1.8277019262313843
79965,1,28698,-1.5973321199417114
79985,1,28698,-1.3107901811599731
80005,1,28698,-0.9659991264343262
80006,1,28700,24.17645835876465
80025,1,28698,-0.5576213598251343
80045,1,28698,-0.060212794691324234
80065,1,28698,0.04734598472714424
80085,1,28698,0.2530174255371094
80105,1,28698,0.6656509041786194
80125,1,28698,1.1105225086212158
80145,1,28698,1.493759036064148
80165,1,28698,1.7880831956863403
80185,1,28698,1.933450698852539
80205,1,28698,1.965789794921875
80206,1,28700,24.141368865966797
80225,1,28698,1.8979623317718506
80245,1,28698,1.756606101989746
80265,1,28698,1.5696302652359009
80285,1,28698,1.3007484674453735
80305,1,28698,0.9216105341911316
80325,1,28698,0.4676343500614166
80345,1,28698,-0.07657779008150101
80365,1,28698,-0.10235249996185303
80385,1,28698,-0.4222836196422577
80405,1,28698,-0.8680859804153442
80406,1,28700,24.17645835876465
80425,1,28698,-1.285809874534607
80445,1,28698,-1.6784266233444214
80465,1,28698,-1.94159734249115
80485,1,28698,-1.986263394355774
80505,1,28698,-1.9087426662445068
80525,1,28698,-1.7779817581176758
80545,1,28698,-1.5829154253005981
80565,1,28698,-1.3183398246765137
80585,1,28698,-0.977285623550415
80605,1,28698,-0.539980947971344
80606,1,28700,24.2115478515625
80625,1,28698,-0.01540575735270977
80645,1,28698,0.016102520748972893
80665,1,28698,0.29831865429878235
80685,1,28698,0.733286440372467
80705,1,28698,1.1486070156097412
80725,1,28698,1.5033248662948608
80745,1,28698,1.7765761613845825
80765,1,28698,1.8696421384811401
80785,1,28698,1.830474853515625
80805,1,28698,1.7095719575881958
80806,1,28700,24.17645835876465
80825,1,28698,1.5207709074020386
80845,1,28698,1.259690761566162
80865,1,28698,0.8615022897720337
80885,1,28698,0.39439254999160767
80905,1,28698,-0.20247574150562286
80925,1,28698,-0.040408577769994736
80945,1,28698,-0.480639785528183
80965,1,28698,-0.9499632716178894
80985,1,28698,-1.3770500421524048
81005,1,28698,-1.7316675186157227
81006,1,28700,24.17645835876465
81025,1,28698,-1.8973166942596436
81045,1,28698,-1.9273974895477295
81065,1,28698,-1.8501609563827515
81085,1,28698,-1.6402630805969238
81105,1,28698,-1.3943907022476196
81125,1,28698,-1.0935988426208496
81145,1,28698,-0.6631247401237488
81165,1,28698,-0.11249584704637527
81185,1,28698,0.019372619688510895
81205,1,28698,0.2408713400363922
81206,1,28700,24.2115478515625
81225,1,28698,0.6756114363670349
81245,1,28698,1.09389328956604
81265,1,28698,1.4490031003952026
81285,1,28698,1.6967133283615112
81305,1,28698,1.7839956283569336
81325,1,28698,1.7098437547683716
81345,1,28698,1.5673599243164062
81365,1,28698,1.3492891788482666
81385,1,28698,1.0335392951965332
81405,1,28698,0.5792409181594849
81406,1,28700,24.2115478515625
81425,1,28698,0.004924796987324953
81445,1,28698,-0.10758248716592789
81465,1,28698,-0.2583504319190979
81485,1,28698,-0.7692194581031799
81505,1,28698,-1.2157611846923828
81525,1,28698,-1.5829118490219116
81545,1,28698,-1.8478624820709229
81565,1,28698,-1.881535530090332
81585,1,28698,-1.7564634084701538
81605,1,28698,-1.5130040645599365
81606,1,28700,24.17645835876465
81625,1,28698,-1.264020323753357
81645,1,28698,-0.9133861064910889
81665,1,28698,-0.5131784081459045
81685,1,28698,0.010831895284354687
81705,1,28698,0.11376003921031952
81725,1,28698,0.412197083234787
81745,1,28698,0.8356749415397644
81765,1,28698,1.232475757598877
81785,1,28698,1.5436630249023438
81805,1,28698,1.7321590185165405
81806,1,28700,24.17645835876465
81825,1,28698,1.7427812814712524
81845,1,28698,1.5824130773544312
81865,1,28698,1.332531452178955
81885,1,28698,1.0276848077774048
81905,1,28698,0.6233541369438171
81925,1,28698,0.13972008228302002
81945,1,28698,-0.1252332478761673
81965,1,28698,-0.25259754061698914
81985,1,28698,-0.7183223366737366
82005,1,28698,-1.1324832439422607
82006,1,28700,24.17645835876465
82025,1,28698,-1.4954315423965454
82045,1,28698,-1.7619237899780273
82065,1,28698,-1.804069995880127
82085,1,28698,-1.6908246278762817
82105,1,28698,-1.4441992044448853
82125,1,28698,-1.140479564666748
82145,1,28698,-0.7562220096588135
82165,1,28698,-0.23656198382377625
82185,1,28698,0.07454387843608856
82205,1,28698,0.1394123136997223
82206,1,28700,24.2115478515625
82225,1,28698,0.6209631562232971
82245,1,28698,1.0492515563964844
82265,1,28698,1.4005610942840576
82285,1,28698,1.6766550540924072
82305,1,28698,1.7534840106964111
82325,1,28698,1.6214901208877563
82345,1,28698,1.3491578102111816
82365,1,28698,1.0425978899002075
82385,1,28698,0.6311225891113281
82405,1,28698,0.07400959730148315
82406,1,28700,24.2115478515625
82425,1,28698,-0.10548609495162964
82445,1,28698,-0.24408072233200073
82465,1,28698,-0.7551690936088562
82485,1,28698,-1.159314513206482
82505,1,28698,-1.4855566024780273
82525,1,28698,-1.7246592044830322
82545,1,28698,-1.7578810453414917
82565,1,28698,-1.576176404953003
82585,1,28698,-1.2564138174057007
82605,1,28698,-0.8664794564247131
82606,1,28700,24.17645835876465
82625,1,28698,-0.4252946376800537
82645,1,28698,0.14590522646903992
82665,1,28698,-0.015372534282505512
82685,1,28698,0.5157566070556641
82705,1,28698,0.9538018703460693
82725,1,28698,1.321424961090088
82745,1,28698,1.5823065042495728
82765,1,28698,1.6705025434494019
82785,1,28698,1.6263415813446045
82805,1,28698,1.4021129608154297
82806,1,28700,24.141368865966797
82825,1,28698,1.0421459674835205
82845,1,28698,0.6103985905647278
82865,1,28698,0.04769960418343544
82885,1,28698,-0.09964404255151749
82905,1,28698,-0.2558790445327759
82925,1,28698,-0.7854214310646057
82945,1,28698,-1.1813979148864746
82965,1,28698,-1.4913243055343628
82985,1,28698,-1.6464555263519287
83005,1,28698,-1.672592282295227
83006,1,28700,24.17645835876465
83025,1,28698,-1.4987564086914062
83045,1,28698,-1.1683664321899414
83065,1,28698,-0.7066144943237305
83085,1,28698,-0.08993390947580338
83105,1,28698,-0.002060040831565857
83125,1,28698,0.24992156028747559
83145,1,28698,0.7774400115013123
83165,1,28698,1.177917242050171
83185,1,28698,1.4399656057357788
83205,1,28698,1.637524962425232
83206,1,28700,24.141368865966797
83225,1,28698,1.6495872735977173
83245,1,28698,1.4602422714233398
83265,1,28698,1.1049860715866089
83285,1,28698,0.6176807284355164
83305,1,28698,-0.004648242145776749
83325,1,28698,-0.05042298883199692
83345,1,28698,-0.35144510865211487
83365,1,28698,-0.8201050758361816
83385,1,28698,-1.1861308813095093
83405,1,28698,-1.433058500289917
83406,1,28700,24.17645835876465
83425,1,28698,-1.552706003189087
83445,1,28698,-1.485300898551941
83465,1,28698,-1.2258343696594238
83485,1,28698,-0.8166974186897278
83505,1,28698,-0.3239944279193878
83525,1,28698,0.06375110149383545
83545,1,28698,0.1690598726272583
83565,1,28698,0.6868977546691895
83585,1,28698,1.1141588687896729
83605,1,28698,1.4075238704681396
83606,1,28700,24.17645835876465
83625,1,28698,1.5950134992599487
83645,1,28698,1.6353025436401367
83665,1,28698,1.4380401372909546
83685,1,28698,1.0693373680114746
83705,1,28698,0.5733994841575623
83725,1,28698,-0.026015719398856163
83745,1,28698,-0.0028022457845509052
83765,1,28698,-0.3968830108642578
83785,1,28698,-0.8372150659561157
83805,1,28698,-1.194718599319458
83806,1,28700,24.17645835876465
83825,1,28698,-1.4076043367385864
83845,1,28698,-1.521444320678711
83865,1,28698,-1.3872435092926025
83885,1,28698,-1.0691475868225098
83905,1,28698,-0.6291719079017639
83925,1,28698,0.02714223973453045
83945,1,28698,-0.052712101489305496
83965,1,28698,0.44872450828552246
83985,1,28698,0.9271475076675415
84005,1,28698,1.265013575553894
84006,1,28700,24.17645835876465
84025,1,28698,1.4711347818374634
84045,1,28698,1.5743417739868164
84065,1,28698,1.4620131254196167
84085,1,28698,1.137194275856018
84105,1,28698,0.6610731482505798
84125,1,28698,0.015533664263784885
84145,1,28698,-0.04415317624807358
84165,1,28698,-0.37770941853523254
84185,1,28698,-0.8245345950126648
84205,1,28698,-1.16392183303833
84206,1,28700,24.17645835876465
84225,1,28698,-1.38925039768219
84245,1,28698,-1.4441956281661987
84265,1,28698,-1.2951477766036987
84285,1,28698,-0.9321693181991577
84305,1,28698,-0.4525166451931
84325,1,28698,0.09958275407552719
84345,1,28698,0.023454248905181885
84365,1,28698,0.6003737449645996
84385,1,28698,1.0423669815063477
84405,1,28698,1.3074135780334473
84406,1,28700,24.17645835876465
84425,1,28698,1.43867027759552
84445,1,28698,1.4304943084716797
84465,1,28698,1.2123918533325195
84485,1,28698,0.7965101003646851
84505,1,28698,0.24505122005939484
84525,1,28698,-0.1330757439136505
84545,1,28698,-0.2681291699409485
84565,1,28698,-0.7432589530944824
84585,1,28698,-1.1133906841278076
84605,1,28698,-1.3472161293029785
84606,1,28700,24.17645835876465
84625,1,28698,-1.422706961631775
84645,1,28698,-1.271409034729004
84665,1,28698,-0.9240462779998779
84685,1,28698,-0.4574125111103058
84705,1,28698,0.10398746281862259
84725,1,28698,0.029168006032705307
84745,1,28698,0.591995894908905
84765,1,28698,1.040513277053833
84785,1,28698,1.2930546998977661
84805,1,28698,1.399887204170227
84806,1,28700,24.17645835876465
84825,1,28698,1.3187057971954346
84845,1,28698,1.0063740015029907
84865,1,28698,0.5526779294013977
84885,1,28698,-0.07990626990795135
84905,1,28698,0.02168130688369274
84925,1,28698,-0.5037568807601929
84945,1,28698,-0.9116837382316589
84965,1,28698,-1.2199859619140625
84985,1,28698,-1.3671642541885376
85005,1,28698,-1.2994375228881836
85006,1,28700,24.17645835876465
85025,1,28698,-1.0178648233413696
85045,1,28698,-0.5659438967704773
85065,1,28698,0.08631899952888489
85085,1,28698,-0.02199511229991913
85105,1,28698,0.48671191930770874
85125,1,28698,0.96448814868927
85145,1,28698,1.2411363124847412
85165,1,28698,1.3449885845184326
85185,1,28698,1.2559744119644165
85205,1,28698,0.9344241619110107
85206,1,28700,24.17645835876465
85225,1,28698,0.4835318624973297
85245,1,28698,-0.12783238291740417
85265,1,28698,-0.01921668089926243
85285,1,28698,-0.5363993644714355
85305,1,28698,-0.9637081027030945
85325,1,28698,-1.2448498010635376
85345,1,28698,-1.3239701986312866
85365,1,28698,-1.1751717329025269
85385,1,28698,-0.8154478073120117
85405,1,28698,-0.29276299476623535
85406,1,28700,24.2115478515625
85425,1,28698,0.0365874208509922
85445,1,28698,0.16748297214508057
85465,1,28698,0.7148610949516296
85485,1,28698,1.0929124355316162
85505,1,28698,1.2697309255599976
85525,1,28698,1.3018187284469604
85545,1,28698,1.0872279405593872
85565,1,28698,0.6181487441062927
85585,1,28698,-0.02719052881002426
85605,1,28698,-0.0018072477541863918
85606,1,28700,24.2115478515625
85625,1,28698,-0.46872004866600037
85645,1,28698,-0.911777675151825
85665,1,28698,-1.1961629390716553
85685,1,28698,-1.290140151977539
85705,1,28698,-1.1688698530197144
85725,1,28698,-0.842282772064209
85745,1,28698,-0.36525747179985046
85765,1,28698,0.06672463566064835
85785,1,28698,0.1877981424331665
85805,1,28698,0.6653478145599365
85806,1,28700,24.2115478515625
85825,1,28698,1.0547995567321777
85845,1,28698,1.2555242776870728
85865,1,28698,1.2135287523269653
85885,1,28698,0.9420434832572937
85905,1,28698,0.46218395233154297
85925,1,28698,-0.16092529892921448
85945,1,28698,-0.030412333086133003
85965,1,28698,-0.5657686591148376
85985,1,28698,-1.0035876035690308
86005,1,28698,-1.2005928754806519
86006,1,28700,24.17645835876465
86025,1,28698,-1.2479130029678345
86045,1,28698,-1.02899169921875
86065,1,28698,-0.5973556041717529
86085,1,28698,0.011237362399697304
86105,1,28698,-0.06719398498535156
86125,1,28698,0.4349324703216553
86145,1,28698,0.9048434495925903
86165,1,28698,1.1593927145004272
86185,1,28698,1.1720788478851318
86205,1,28698,0.9694418907165527
86206,1,28700,24.17645835876465
86225,1,28698,0.5447345972061157
86245,1,28698,-0.0736023336648941
86265,1,28698,0.05147206783294678
86285,1,28698,-0.5007776618003845
86305,1,28698,-0.9376092553138733
86325,1,28698,-1.1854723691940308
86345,1,28698,-1.2029205560684204
86365,1,28698,-0.968368649482727
86385,1,28698,-0.5577832460403442
86405,1,28698,0.06896014511585236
86406,1,28700,24.2115478515625
86425,1,28698,-0.04152712970972061
86445,1,28698,0.43779852986335754
86465,1,28698,0.9027091264724731
86485,1,28698,1.1120346784591675
86505,1,28698,1.078384280204773
86525,1,28698,0.8233389854431152
86545,1,28698,0.315966933965683
86565,1,28698,-0.15125815570354462
86585,1,28698,-0.22581392526626587
86605,1,28698,-0.7266937494277954
86606,1,28700,24.17645835876465
86625,1,28698,-1.0971368551254272
86645,1,28698,-1.2267550230026245
86665,1,28698,-1.1541272401809692
86685,1,28698,-0.8129853010177612
86705,1,28698,-0.23102696239948273
86725,1,28698,0.00968147162348032
86745,1,28698,0.15637612342834473
86765,1,28698,0.6977322101593018
86785,1,28698,1.0519897937774658
86805,1,28698,1.1106549501419067
86806,1,28700,24.17645835876465
86825,1,28698,0.8771271705627441
86845,1,28698,0.4536302983760834
86865,1,28698,-0.137076735496521
86885,1,28698,-0.024592583999037743
86905,1,28698,-0.5329819321632385
86925,1,28698,-0.9776579141616821
86945,1,28698,-1.1610366106033325
86965,1,28698,-1.0885818004608154
86985,1,28698,-0.7372252941131592
87005,1,28698,-0.17944364249706268
87006,1,28700,24.17645835876465
87025,1,28698,0.013557467609643936
87045,1,28698,0.17187343537807465
87065,1,28698,0.7306305170059204
87085,1,28698,1.028274416923523
87105,1,28698,1.0392096042633057
87125,1,28698,0.7673893570899963
87145,1,28698,0.29818034172058105
87165,1,28698,-0.13604922592639923
87185,1,28698,-0.17799897491931915
87205,1,28698,-0.7244477868080139
87206,1,28700,24.17645835876465
87225,1,28698,-1.0949400663375854
87245,1,28698,-1.168341875076294
87265,1,28698,-0.9812620282173157
87285,1,28698,-0.578818678855896
87305,1,28698,0.06611210107803345
87325,1,28698,-0.03276028484106064
87345,1,28698,0.45299264788627625
87365,1,28698,0.8769218921661377
87385,1,28698,1.0039070844650269
87405,1,28698,0.8471626043319702
87406,1,28700,24.17645835876465
87425,1,28698,0.4629150331020355
87445,1,28698,-0.14087329804897308
87465,1,28698,-0.04404401779174805
87485,1,28698,-0.5767561793327332
87505,1,28698,-1.0000823736190796
87525,1,28698,-1.1631072759628296
87545,1,28698,-1.024110198020935
87565,1,28698,-0.6119284629821777
87585,1,28698,0.014444783329963684
87605,1,28698,-0.06758402287960052
87606,1,28700,24.17645835876465
87625,1,28698,0.43386679887771606
87645,1,28698,0.8191930055618286
87665,1,28698,0.9722098112106323
87685,1,28698,0.810836911201477
87705,1,28698,0.4124374985694885
87725,1,28698,-0.16160178184509277
87745,1,28698,-0.07969145476818085
87765,1,28698,-0.6454882025718689
87785,1,28698,-1.0563639402389526
87805,1,28698,-1.1501915454864502
87806,1,28700,24.17645835876465
87825,1,28698,-0.9579857587814331
87845,1,28698,-0.4870453178882599
87865,1,28698,0.09774981439113617
87885,1,28698,-0.01998133957386017
87905,1,28698,0.5052196979522705
87925,1,28698,0.8636434674263
87945,1,28698,0.8960608839988708
87965,1,28698,0.6220203042030334
87985,1,28698,0.09375837445259094
88005,1,28698,-0.08940885215997696
88006,1,28700,24.2115478515625
88025,1,28698,-0.3569534122943878
88045,1,28698,-0.8530693054199219
88065,1,28698,-1.103677749633789
88085,1,28698,-1.075888991355896
88105,1,28698,-0.7112352848052979
88125,1,28698,-0.11827614903450012
88145,1,28698,-0.002235135994851589
88165,1,28698,0.247236430644989
88185,1,28698,0.7049370408058167
88205,1,28698,0.8437329530715942
88206,1,28700,24.2115478515625
88225,1,28698,0.6586079001426697
88245,1,28698,0.1923949420452118
88265,1,28698,-0.12059516459703445
88285,1,28698,-0.26252496242523193
88305,1,28698,-0.7490828037261963
88325,1,28698,-1.0637447834014893
88345,1,28698,-1.0440729856491089
88365,1,28698,-0.6858738660812378
88385,1,28698,-0.10682591050863266
88405,1,28698,-0.018792646005749702
88406,1,28700,24.2115478515625
88425,1,28698,0.2715248465538025
88445,1,28698,0.6761994361877441
88465,1,28698,0.8443610072135925
88485,1,28698,0.6409873962402344
88505,1,28698,0.14568711817264557
88525,1,28698,-0.09215757995843887
88545,1,28698,-0.23454166948795319
88565,1,28698,-0.7806966304779053
88585,1,28698,-1.025809407234192
88605,1,28698,-0.9006762504577637
88606,1,28700,24.2115478515625
88625,1,28698,-0.48860108852386475
88645,1,28698,0.10525638610124588
88665,1,28698,-0.007867029868066311
88685,1,28698,0.508797824382782
88705,1,28698,0.805695116519928
88725,1,28698,0.75652676820755
88745,1,28698,0.4253131151199341
88765,1,28698,-0.1568581759929657
88785,1,28698,-0.02381126955151558
88805,1,28698,-0.5455080270767212
88806,1,28700,24.2115478515625
88825,1,28698,-0.9257935285568237
88845,1,28698,-0.9818633198738098
88865,1,28698,-0.6968340277671814
88885,1,28698,-0.08365828543901443
88905,1,28698,-0.02756837010383606
88925,1,28698,0.26508936285972595
88945,1,28698,0.6483789682388306
88965,1,28698,0.7552451491355896
88985,1,28698,0.4992923140525818
89005,1,28698,-0.07331076264381409
89006,1,28700,24.2115478515625
89025,1,28698,0.03799544274806976
89045,1,28698,-0.48249685764312744
89065,1,28698,-0.9012293815612793
89085,1,28698,-0.9765119552612305
89105,1,28698,-0.7378451228141785
89125,1,28698,-0.20825152099132538
89145,1,28698,0.009064983576536179
89165,1,28698,0.15359652042388916
89185,1,28698,0.6091012358665466
89205,1,28698,0.7075629830360413
89206,1,28700,24.17645835876465
89225,1,28698,0.4643125534057617
89245,1,28698,-0.11902913451194763
89265,1,28698,0.003435526043176651
89285,1,28698,-0.5064447522163391
89305,1,28698,-0.8937281966209412
89325,1,28698,-0.9358949661254883
89345,1,28698,-0.6373429894447327
89365,1,28698,-0.036456502974033356
89385,1,28698,-0.05866805836558342
89405,1,28698,0.4026276469230652
89406,1,28700,24.2115478515625
89425,1,28698,0.6378980875015259
89445,1,28698,0.6504048109054565
89465,1,28698,0.29467299580574036
89485,1,28698,-0.14419779181480408
89505,1,28698,-0.12104950845241547
89525,1,28698,-0.6239078044891357
89545,1,28698,-0.9039265513420105
89565,1,28698,-0.8170989751815796
89585,1,28698,-0.3867299556732178
89605,1,28698,0.04510846361517906
89606,1,28700,24.2115478515625
89625,1,28698,0.12272748351097107
89645,1,28698,0.5008328557014465
89665,1,28698,0.6562891602516174
89685,1,28698,0.44406455755233765
89705,1,28698,-0.10722382366657257
89725,1,28698,0.0246767308562994
89745,1,28698,-0.47529733180999756
89765,1,28698,-0.8773465156555176
89785,1,28698,-0.9069677591323853
89805,1,28698,-0.5310142040252686
89806,1,28700,24.17645835876465
89825,1,28698,0.0928177759051323
89845,1,28698,-0.05834648758172989
89865,1,28698,0.34047454595565796
89885,1,28698,0.6073781251907349
89905,1,28698,0.46385547518730164
89925,1,28698,-0.09196910262107849
89945,1,28698,0.024859802797436714
89965,1,28698,-0.464489221572876
89985,1,28698,-0.8768653869628906
90005,1,28698,-0.8704462051391602
90006,1,28700,24.17645835876465
90025,1,28698,-0.5103029012680054
90045,1,28698,0.1114426776766777
90065,1,28698,-0.07149111479520798
90085,1,28698,0.3488128185272217
90105,1,28698,0.578355610370636
90125,1,28698,0.41001811623573303
90145,1,28698,-0.11998002231121063
90165,1,28698,0.028531940653920174
90185,1,28698,-0.47863322496414185
90205,1,28698,-0.7994352579116821
90206,1,28700,24.2115478515625
90225,1,28698,-0.7558629512786865
90245,1,28698,-0.3872542083263397
90265,1,28698,0.06233742833137512
90285,1,28698,0.03174886107444763
90305,1,28698,0.4621460437774658
90325,1,28698,0.5697103142738342
90345,1,28698,0.2823357880115509
90365,1,28698,-0.1573580950498581
90385,1,28698,-0.11915089935064316
90405,1,28698,-0.6319677829742432
90406,1,28700,24.2115478515625
90425,1,28698,-0.8250033259391785
90445,1,28698,-0.6090529561042786
90465,1,28698,-0.043818261474370956
90485,1,28698,-0.06733730435371399
90505,1,28698,0.30503711104393005
90525,1,28698,0.5161859393119812
90545,1,28698,0.41920316219329834
90565,1,28698,-0.09536159783601761
90585,1,28698,0.0291029904037714
90605,1,28698,-0.4670276641845703
90606,1,28700,24.2115478515625
90625,1,28698,-0.7826255559921265
90645,1,28698,-0.7053747773170471
90665,1,28698,-0.3056623339653015
90685,1,28698,0.03568825125694275
90705,1,28698,0.17699581384658813
90725,1,28698,0.43935590982437134
90745,1,28698,0.453576922416687
90765,1,28698,0.029486166313290596
90785,1,28698,-0.03336990624666214
90805,1,28698,-0.3389431834220886
90806,1,28700,24.17645835876465
90825,1,28698,-0.7262296676635742
90845,1,28698,-0.7408414483070374
90865,1,28698,-0.3957834243774414
90885,1,28698,0.06905795633792877
90905,1,28698,0.03942275419831276
90925,1,28698,0.442023366689682
90945,1,28698,0.4735943377017975
90965,1,28698,0.036370307207107544
90985,1,28698,-0.03346622362732887
91005,1,28698,-0.3268350660800934
91006,1,28700,24.2115478515625
91025,1,28698,-0.7127541303634644
91045,1,28698,-0.7400559186935425
91065,1,28698,-0.3532502353191376
91085,1,28698,0.036102958023548126
91105,1,28698,0.07757605612277985
91125,1,28698,0.44147616624832153
91145,1,28698,0.4266890585422516
91165,1,28698,-0.05748366564512253
91185,1,28698,-0.027715757489204407
91205,1,28698,-0.440116822719574
91206,1,28700,24.2115478515625
91225,1,28698,-0.7073646187782288
91245,1,28698,-0.6276845932006836
91265,1,28698,-0.16122876107692719
91285,1,28698,-0.0035629337653517723
91305,1,28698,0.11842132359743118
91325,1,28698,0.3727278709411621
91345,1,28698,0.24151399731636047
91365,1,28698,-0.15451611578464508
91385,1,28698,-0.10654138028621674
91405,1,28698,-0.5720088481903076
91406,1,28700,24.2115478515625
91425,1,28698,-0.7257291078567505
91445,1,28698,-0.45962393283843994
91465,1,28698,0.09096543490886688
91485,1,28698,-0.05956685543060303
91505,1,28698,0.29373520612716675
91525,1,28698,0.3654182553291321
91545,1,28698,-0.05023742467164993
91565,1,28698,0.027186216786503792
91585,1,28698,-0.4970070421695709
91605,1,28698,-0.7294536232948303
91606,1,28700,24.17645835876465
91625,1,28698,-0.6557857990264893
91645,1,28698,-0.11315639317035675
91665,1,28698,-0.01229984313249588
91685,1,28698,0.10956234484910965
91705,1,28698,0.2915080189704895
91725,1,28698,0.0028883502818644047
91745,1,28698,-0.007540397811681032
91765,1,28698,-0.37782347202301025
91785,1,28698,-0.7078080177307129
91805,1,28698,-0.700317919254303
91806,1,28700,24.17645835876465
91825,1,28698,-0.2765866219997406
91845,1,28698,0.0201075728982687
91865,1,28698,0.12514343857765198
91885,1,28698,0.2624547481536865
91905,1,28698,-0.012166788801550865
91925,1,28698,-0.02794499322772026
91945,1,28698,-0.3529268205165863
91965,1,28698,-0.7021982669830322
91985,1,28698,-0.7377310395240784
92005,1,28698,-0.3626900017261505
92006,1,28700,24.17645835876465
92025,1,28698,0.03598828986287117
92045,1,28698,0.037576913833618164
92065,1,28698,0.14841197431087494
92085,1,28698,-0.10418916493654251
92105,1,28698,0.05360739678144455
92125,1,28698,-0.46476131677627563
92145,1,28698,-0.7785048484802246
92165,1,28698,-0.7500063180923462
92185,1,28698,-0.3612549304962158
92205,1,28698,0.03711254149675369
92206,1,28700,24.17645835876465
92225,1,28698,0.005318278446793556
92245,1,28698,0.020006276667118073
92265,1,28698,-0.11999790370464325
92285,1,28698,-0.17859135568141937
92305,1,28698,-0.6321287751197815
92325,1,28698,-0.9382672309875488
92345,1,28698,-0.768746554851532
92365,1,28698,-0.28433582186698914
92385,1,28698,0.015331226401031017
92405,1,28698,0.053678207099437714
92406,1,28700,24.17645835876465
92425,1,28698,3.65616288036108e-05
92445,1,28698,-0.1775035560131073
92465,1,28698,-0.26603424549102783
92485,1,28698,-0.7813231945037842
92505,1,28698,-0.8827605247497559
92525,1,28698,-0.544248640537262
92545,1,28698,0.09041391313076019
92565,1,28698,-0.13993531465530396
92585,1,28698,0.027935760095715523
92605,1,28698,-0.095470130443573
92606,1,28700,24.2115478515625
92625,1,28698,-0.11117064952850342
92645,1,28698,-0.5906358957290649
92665,1,28698,-0.9279549717903137
92685,1,28698,-0.7524046301841736
92705,1,28698,-0.17804266512393951
92725,1,28698,-0.010572869330644608
92745,1,28698,0.19794099032878876
92765,1,28698,0.023245666176080704
92785,1,28698,-0.18111860752105713
92805,1,28698,-0.45618054270744324
92806,1,28700,24.2115478515625
92825,1,28698,-0.8092249631881714
92845,1,28698,-0.831320583820343
92865,1,28698,-0.4066067934036255
92885,1,28698,0.06683915108442307
92905,1,28698,-0.09062330424785614
92925,1,28698,-0.15926077961921692
92945,1,28698,-0.03809518367052078
92965,1,28698,-0.3880833685398102
92985,1,28698,-0.8156540989875793
93005,1,28698,-0.8998757600784302
93006,1,28700,24.2115478515625
93025,1,28698,-0.516716480255127
93045,1,28698,0.08956065773963928
93065,1,28698,-0.16314753890037537
93085,1,28698,-0.07625134289264679
93105,1,28698,0.14302796125411987
93125,1,28698,-0.47519752383232117
93145,1,28698,-0.8613814115524292
93165,1,28698,-0.9769461750984192
93185,1,28698,-0.5994749665260315
93205,1,28698,0.06289450824260712
93206,1,28700,24.2115478515625
93225,1,28698,-0.24766211211681366
93245,1,28698,0.019575728103518486
93265,1,28698,0.026251396164298058
93285,1,28698,-0.5766184329986572
93305,1,28698,-0.885228157043457
93325,1,28698,-0.9736810922622681
93345,1,28698,-0.5609366297721863
93365,1,28698,0.07400695979595184
93385,1,28698,-0.20926429331302643
93405,1,28698,-0.06698223203420639
93406,1,28700,24.2115478515625
93425,1,28698,-0.19631007313728333
93445,1,28698,-0.6193166375160217
93465,1,28698,-1.0567936897277832
93485,1,28698,-0.9703118205070496
93505,1,28698,-0.4954048693180084
93525,1,28698,0.05925983563065529
93545,1,28698,-0.05467215180397034
93565,1,28698,-0.17874200642108917
93585,1,28698,-0.2787936329841614
93605,1,28698,-0.8467474579811096
93606,1,28700,24.17645835876465
93625,1,28698,-1.100731611251831
93645,1,28698,-0.872958242893219
93665,1,28698,-0.2529149353504181
93685,1,28698,-0.020144425332546234
93705,1,28698,0.048748452216386795
93725,1,28698,-0.16666987538337708
93745,1,28698,-0.5564838647842407
93765,1,28698,-1.0454975366592407
93785,1,28698,-1.074733018875122
93805,1,28698,-0.6421819925308228
93806,1,28700,24.2115478515625
93825,1,28698,0.007222472224384546
93845,1,28698,-0.13228805363178253
93865,1,28698,-0.018175680190324783
93885,1,28698,-0.38167470693588257
93905,1,28698,-0.8691168427467346
93925,1,28698,-1.11026132106781
93945,1,28698,-0.9034113883972168
93965,1,28698,-0.34132692217826843
93985,1,28698,0.015391586348414421
94005,1,28698,0.01242939941585064
94006,1,28700,24.2115478515625
94025,1,28698,-0.19837474822998047
94045,1,28698,-0.7997332215309143
94065,1,28698,-1.172412395477295
94085,1,28698,-1.0547521114349365
94105,1,28698,-0.5496760606765747
94125,1,28698,0.030336972326040268
94145,1,28698,-0.08844056725502014
94165,1,28698,-0.17611847817897797
94185,1,28698,-0.6124811172485352
94205,1,28698,-1.062690019607544
94206,1,28700,24.17645835876465
94225,1,28698,-1.0782246589660645
94245,1,28698,-0.6557195782661438
94265,1,28698,0.005566455889493227
94285,1,28698,-0.16288018226623535
94305,1,28698,-0.05060242861509323
94325,1,28698,-0.507401168346405
94345,1,28698,-1.0432491302490234
94365,1,28698,-1.1178884506225586
94385,1,28698,-0.6922484040260315
94405,1,28698,-0.04390224069356918
94406,1,28700,24.2115478515625
94425,1,28698,-0.22798389196395874
94445,1,28698,-0.022420011460781097
94465,1,28698,-0.505243182182312
94485,1,28698,-1.0566108226776123
94505,1,28698,-1.1384989023208618
94525,1,28698,-0.7391436696052551
94545,1,28698,-0.07836029678583145
94565,1,28698,-0.1269678771495819
94585,1,28698,-0.05236430838704109
94605,1,28698,-0.5399695038795471
94606,1,28700,24.2115478515625
94625,1,28698,-1.0737422704696655
94645,1,28698,-1.19663667678833
94665,1,28698,-0.7430433034896851
94685,1,28698,-0.11217751353979111
94705,1,28698,-0.1079561710357666
94725,1,28698,-0.18360191583633423
94745,1,28698,-0.7089508771896362
94765,1,28698,-1.182957649230957
94785,1,28698,-1.1612305641174316
94805,1,28698,-0.6444275379180908
94806,1,28700,24.2115478515625
94825,1,28698,-0.027977656573057175
94845,1,28698,-0.18923911452293396
94865,1,28698,-0.24532495439052582
94885,1,28698,-0.8678186535835266
94905,1,28698,-1.220173954963684
94925,1,28698,-1.032589077949524
94945,1,28698,-0.48201876878738403
94965,1,28698,0.09269564598798752
94985,1,28698,-0.12868887186050415
95005,1,28698,-0.5134344696998596
95006,1,28700,24.2115478515625
95025,1,28698,-1.0639351606369019
95045,1,28698,-1.226823091506958
95065,1,28698,-0.8854438066482544
95085,1,28698,-0.23338434100151062
95105,1,28698,-0.028253285214304924
95125,1,28698,-0.28326693177223206
95145,1,28698,-0.794116735458374
95165,1,28698,-1.2803715467453003
95185,1,28698,-1.1728100776672363
95205,1,28698,-0.6229549646377563
95206,1,28700,24.2115478515625
95225,1,28698,-0.06571364402770996
95245,1,28698,-0.11906860768795013
95265,1,28698,-0.5175248384475708
95285,1,28698,-1.0973001718521118
95305,1,28698,-1.2917453050613403
95325,1,28698,-0.9439149498939514
95345,1,28698,-0.3279346227645874
95365,1,28698,0.05193190649151802
95385,1,28698,-0.3076770305633545
95405,1,28698,-0.8154963254928589
95406,1,28700,24.2115478515625
95425,1,28698,-1.190586805343628
95445,1,28698,-1.098681926727295
95465,1,28698,-0.5295966863632202
95485,1,28698,0.00335860182531178
95505,1,28698,-0.1623430699110031
95525,1,28698,-0.6690407991409302
95545,1,28698,-1.2142609357833862
95565,1,28698,-1.2631994485855103
95585,1,28698,-0.7557691931724548
95605,1,28698,-0.18151429295539856
95606,1,28700,24.2115478515625
95625,1,28698,-0.11163251847028732
95645,1,28698,-0.5126740336418152
95665,1,28698,-1.1029157638549805
95685,1,28698,-1.2609055042266846
95705,1,28698,-0.8794839978218079
95725,1,28698,-0.29820680618286133
95745,1,28698,0.008101005107164383
95765,1,28698,-0.39964818954467773
95785,1,28698,-0.9804851412773132
95805,1,28698,-1.2250999212265015
95806,1,28700,24.17645835876465
95825,1,28698,-0.9143341779708862
95845,1,28698,-0.31121721863746643
95865,1,28698,0.06022757291793823
95885,1,28698,-0.3825177252292633
95905,1,28698,-0.8976615071296692
95925,1,28698,-1.2047755718231201
95945,1,28698,-1.0058776140213013
95965,1,28698,-0.418317049741745
95985,1,28698,-0.06544451415538788
96005,1,28698,-0.3668161928653717
96006,1,28700,24.17645835876465
96025,1,28698,-0.9456917643547058
96045,1,28698,-1.3499610424041748
96065,1,28698,-1.0604711771011353
96085,1,28698,-0.4568796157836914
96105,1,28698,-0.14262330532073975
96125,1,28698,-0.41471588611602783
96145,1,28698,-0.9874913692474365
96165,1,28698,-1.3250012397766113
96185,1,28698,-1.0292291641235352
96205,1,28698,-0.44140496850013733
96206,1,28700,24.2115478515625
96225,1,28698,-0.09032870829105377
96245,1,28698,-0.5156722664833069
96265,1,28698,-1.1040164232254028
96285,1,28698,-1.3520132303237915
96305,1,28698,-0.9683638215065002
96325,1,28698,-0.39229846000671387
96345,1,28698,-0.21048374474048615
96365,1,28698,-0.5840225219726562
96385,1,28698,-1.1619913578033447
96405,1,28698,-1.2825419902801514
96406,1,28700,24.17645835876465
96425,1,28698,-0.810804545879364
96445,1,28698,-0.2791629433631897
96465,1,28698,-0.19000138342380524
96485,1,28698,-0.7507078051567078
96505,1,28698,-1.2312129735946655
96525,1,28698,-1.1864361763000488
96545,1,28698,-0.6533516049385071
96565,1,28698,-0.07971557974815369
96585,1,28698,-0.3138923943042755
96605,1,28698,-0.8676348328590393
96606,1,28700,24.17645835876465
96625,1,28698,-1.218786597251892
96645,1,28698,-0.9968463778495789
96665,1,28698,-0.39157453179359436
96685,1,28698,-0.12870678305625916
96705,1,28698,-0.519006073474884
96725,1,28698,-1.0785984992980957
96745,1,28698,-1.2816581726074219
96765,1,28698,-0.7549096941947937
96785,1,28698,-0.16588374972343445
96805,1,28698,-0.2733834385871887
96806,1,28700,24.17645835876465
96825,1,28698,-0.8147151470184326
96845,1,28698,-1.3348883390426636
96865,1,28698,-1.1959612369537354
96885,1,28698,-0.5721898078918457
96905,1,28698,-0.23073312640190125
96925,1,28698,-0.5718154311180115
96945,1,28698,-1.130751609802246
96965,1,28698,-1.265750765800476
96985,1,28698,-0.8379000425338745
97005,1,28698,-0.2404433786869049
97006,1,28700,24.17645835876465
97025,1,28698,-0.3517822325229645
97045,1,28698,-0.8436138033866882
97065,1,28698,-1.2398605346679688
97085,1,28698,-1.0775492191314697
97105,1,28698,-0.45521801710128784
97125,1,28698,-0.2155829221010208
97145,1,28698,-0.607697606086731
97165,1,28698,-1.1880637407302856
97185,1,28698,-1.2830076217651367
97205,1,28698,-0.7337701916694641
97206,1,28700,24.17645835876465
97225,1,28698,-0.27616655826568604
97245,1,28698,-0.48754000663757324
97265,1,28698,-1.065582275390625
97285,1,28698,-1.3807262182235718
97305,1,28698,-0.9490653872489929
97325,1,28698,-0.40134456753730774
97345,1,28698,-0.4042172431945801
97365,1,28698,-0.9449054598808289
97385,1,28698,-1.3655096292495728
97405,1,28698,-1.0737754106521606
97406,1,28700,24.2115478515625
97425,1,28698,-0.4938492178916931
97445,1,28698,-0.38140013813972473
97465,1,28698,-0.8676388263702393
97485,1,28698,-1.3369500637054443
97505,1,28698,-1.169834852218628
97525,1,28698,-0.5792014598846436
97545,1,28698,-0.27967965602874756
97565,1,28698,-0.7404387593269348
97585,1,28698,-1.308154821395874
97605,1,28698,-1.2826136350631714
97606,1,28700,24.17645835876465
97625,1,28698,-0.7264018654823303
97645,1,28698,-0.32986441254615784
97665,1,28698,-0.7221025228500366
97685,1,28698,-1.2895971536636353
97705,1,28698,-1.31829035282135
97725,1,28698,-0.791144609451294
97745,1,28698,-0.36742162704467773
97765,1,28698,-0.7050360441207886
97785,1,28698,-1.2834582328796387
97805,1,28698,-1.3824867010116577
97806,1,28700,24.17645835876465
97825,1,28698,-0.8525491952896118
97845,1,28698,-0.6462615728378296
97865,1,28698,-0.6529595851898193
97885,1,28698,-0.6554713249206543
97905,1,28698,-0.6526849269866943
97925,1,28698,-0.6686981320381165
97945,1,28698,-0.66229647397995
97965,1,28698,-0.671210527420044
97985,1,28698,-0.6821885108947754
98005,1,28698,-0.691520094871521
98006,1,28700,24.2115478515625
98025,1,28698,-0.6985297203063965
98045,1,28698,-0.7035290002822876
98065,1,28698,-0.7052669525146484
98085,1,28698,-0.7049793004989624
98105,1,28698,-0.7105899453163147
98125,1,28698,-0.7132043838500977
98145,1,28698,-0.7093512415885925
98165,1,28698,-0.7106728553771973
98185,1,28698,-0.7121241688728333
98205,1,28698,-0.7121601700782776
98206,1,28700,24.2115478515625
98225,1,28698,-0.7090369462966919
98245,1,28698,-0.7102294564247131
98265,1,28698,-0.7048544883728027
98285,1,28698,-0.7085016965866089
98305,1,28698,-0.705622673034668
98325,1,28698,-0.7032910585403442
98345,1,28698,-0.7049539089202881
98365,1,28698,-0.7014867663383484
98385,1,28698,-0.6990610957145691
98405,1,28698,-0.6978456377983093
98406,1,28700,24.17645835876465
98425,1,28698,-0.6937674880027771
98445,1,28698,-0.6969378590583801
98465,1,28698,-0.6906341910362244
98485,1,28698,-0.6921020746231079
98505,1,28698,-0.6903411746025085
98525,1,28698,-0.6898088455200195
98545,1,28698,-0.6849683523178101
98565,1,28698,-0.6876513957977295
98585,1,28698,-0.6845667362213135
98605,1,28698,-0.6804762482643127
98606,1,28700,24.2115478515625
98625,1,28698,-0.6793502569198608
98645,1,28698,-0.6719343662261963
98665,1,28698,-0.6749067306518555
98685,1,28698,-0.6718969345092773
98705,1,28698,-0.671503484249115
98725,1,28698,-0.6720798015594482
98745,1,28698,-0.6709264516830444
98765,1,28698,-0.668906033039093
98785,1,28698,-0.6644174456596375
98805,1,28698,-0.6627027988433838
98806,1,28700,24.17645835876465
98825,1,28698,-0.6649380922317505
98845,1,28698,-0.6596667766571045
98865,1,28698,-0.6574658751487732
98885,1,28698,-0.657072126865387
98905,1,28698,-0.660281777381897
98925,1,28698,-0.6531601548194885
98945,1,28698,-0.6572074294090271
98965,1,28698,-0.6535228490829468
98985,1,28698,-0.6498451232910156
99005,1,28698,-0.6479529142379761
99006,1,28700,24.2115478515625
99025,1,28698,-0.6451245546340942
99045,1,28698,-0.6471988558769226
99065,1,28698,-0.6418463587760925
99085,1,28698,-0.6430034637451172
99105,1,28698,-0.6387087106704712
99125,1,28698,-0.6385869979858398
99145,1,28698,-0.6410828828811646
99165,1,28698,-0.6361769437789917
99185,1,28698,-0.6293363571166992
99205,1,28698,-0.6327869296073914
99206,1,28700,24.17645835876465
99225,1,28698,-0.6310304403305054
99245,1,28698,-0.6313353776931763
99265,1,28698,-0.6359533667564392
99285,1,28698,-0.6288269758224487
99305,1,28698,-0.6274452805519104
99325,1,28698,-0.6247835755348206
99345,1,28698,-0.6264389157295227
99365,1,28698,-0.6219692826271057
99385,1,28698,-0.6235779523849487
99405,1,28698,-0.6215729117393494
99406,1,28700,24.17645835876465
99425,1,28698,-0.6183204650878906
99445,1,28698,-0.613990843296051
99465,1,28698,-0.6152483224868774
99485,1,28698,-0.6191339492797852
99505,1,28698,-0.6128732562065125
99525,1,28698,-0.6156033277511597
99545,1,28698,-0.6029349565505981
99565,1,28698,-0.6083464026451111
99585,1,28698,-0.6061373949050903
99605,1,28698,-0.6113260984420776
99606,1,28700,24.17645835876465
99625,1,28698,-0.6064412593841553
99645,1,28698,-0.6031332612037659
99665,1,28698,-0.6004451513290405
99685,1,28698,-0.6045219302177429
99705,1,28698,-0.6015001535415649
99725,1,28698,-0.5978440642356873
99745,1,28698,-0.6005308628082275
99765,1,28698,-0.5979256629943848
99785,1,28698,-0.595655083656311
99805,1,28698,-0.5949935913085938
99806,1,28700,24.2115478515625
99825,1,28698,-0.5930063724517822
99845,1,28698,-0.5924532413482666
99865,1,28698,-0.5925593972206116
99885,1,28698,-0.5963602066040039
99905,1,28698,-0.5929468870162964
99925,1,28698,-0.5876083970069885
99945,1,28698,-0.5818340182304382
99965,1,28698,-0.5837977528572083
99985,1,28698,-0.588065505027771
100005,1,28698,-0.5832005739212036
100006,1,28700,24.2115478515625
100025,1,28698,-0.5850486159324646
100045,1,28698,-0.5791746377944946
100065,1,28698,-0.5825246572494507
100085,1,28698,-0.5776857137680054
100105,1,28698,-0.5827609300613403
100125,1,28698,-0.5956825017929077
100145,1,28698,-0.5859676599502563
100165,1,28698,-0.5862935185432434
100185,1,28698,-0.5814762115478516
100205,1,28698,-0.586850643157959
100206,1,28700,24.2115478515625
100225,1,28698,-0.5768738985061646
100245,1,28698,-0.5791874527931213
100265,1,28698,-0.5768263936042786
100285,1,28698,-0.576535165309906
100305,1,28698,-0.5721831321716309
100325,1,28698,-0.5734291076660156
100345,1,28698,-0.573699951171875
100365,1,28698,-0.5747782588005066
100385,1,28698,-0.5737066268920898
100405,1,28698,-0.573091983795166
100406,1,28700,24.17645835876465
100425,1,28698,-0.5717304944992065
100445,1,28698,-0.5689302086830139
100465,1,28698,-0.5674669146537781
100485,1,28698,-0.5669702887535095
100505,1,28698,-0.5650969743728638
100525,1,28698,-0.5707204937934875
100545,1,28698,-0.5733221769332886
100565,1,28698,-0.5652084946632385
100585,1,28698,-0.5643934607505798
100605,1,28698,-0.5645272731781006
100606,1,28700,24.17645835876465
100625,1,28698,-0.5636473894119263
100645,1,28698,-0.5606039762496948
100665,1,28698,-0.5556859374046326
100685,1,28698,-0.5615733861923218
100705,1,28698,-0.5612466335296631
100725,1,28698,-0.5562548041343689
100745,1,28698,-0.5563110113143921
100765,1,28698,-0.5552115440368652
100785,1,28698,-0.561901867389679
100805,1,28698,-0.5603631734848022
100806,1,28700,24.17645835876465
100825,1,28698,-0.5542591214179993
100845,1,28698,-0.557382345199585
100865,1,28698,-0.5535826086997986
100885,1,28698,-0.5548746585845947
100905,1,28698,-0.5554627180099487
100925,1,28698,-0.5543041229248047
100945,1,28698,-0.5546891093254089
100965,1,28698,-0.5547198057174683
100985,1,28698,-0.5555028915405273
101005,1,28698,-0.5539840459823608
101006,1,28700,24.17645835876465
101025,1,28698,-0.5516217947006226
101045,1,28698,-0.5513245463371277
101065,1,28698,-0.5504543781280518
101085,1,28698,-0.5560839176177979
101105,1,28698,-0.5562813878059387
101125,1,28698,-0.5519806742668152
101145,1,28698,-0.5515278577804565
101165,1,28698,-0.5532687902450562
101185,1,28698,-0.5446907877922058
101205,1,28698,-0.5466319918632507
101206,1,28700,24.17645835876465
101225,1,28698,-0.5442752242088318
101245,1,28698,-0.5510074496269226
101265,1,28698,-0.5478085875511169
101285,1,28698,-0.5468369722366333
101305,1,28698,-0.5443451404571533
101325,1,28698,-0.5530783534049988
101345,1,28698,-0.5451496839523315
101365,1,28698,-0.5492626428604126
101385,1,28698,-0.5460296273231506
101405,1,28698,-0.5495333075523376
101406,1,28700,24.17645835876465
101425,1,28698,-0.5414232611656189
101445,1,28698,-0.544698178768158
101465,1,28698,-0.5468031167984009
101485,1,28698,-0.544639527797699
101505,1,28698,-0.5445034503936768
101525,1,28698,-0.5449970364570618
101545,1,28698,-0.5448058247566223
101565,1,28698,-0.5463019609451294
101585,1,28698,-0.5466734170913696
101605,1,28698,-0.5424948334693909
101606,1,28700,24.17645835876465
101625,1,28698,-0.5492623448371887
101645,1,28698,-0.54362952709198
101665,1,28698,-0.5434467792510986
101685,1,28698,-0.5466054081916809
101705,1,28698,-0.5457847118377686
101725,1,28698,-0.5458177924156189
101745,1,28698,-0.5462026596069336
101765,1,28698,-0.5436816811561584
101785,1,28698,-0.5444437265396118
101805,1,28698,-0.5432579517364502
101806,1,28700,24.17645835876465
101825,1,28698,-0.5449367761611938
101845,1,28698,-0.5385575294494629
101865,1,28698,-0.5431332588195801
101885,1,28698,-0.5446047782897949
101905,1,28698,-0.5428086519241333
101925,1,28698,-0.5402849912643433
101945,1,28698,-0.5433270335197449
101965,1,28698,-0.5473610758781433
101985,1,28698,-0.5473299622535706
102005,1,28698,-0.5412532687187195
102006,1,28700,24.17645835876465
102025,1,28698,-0.5417319536209106
102045,1,28698,-0.5420533418655396
102065,1,28698,-0.5444111227989197
102085,1,28698,-0.54354327917099
102105,1,28698,-0.5438952445983887
102125,1,28698,-0.5443789958953857
102145,1,28698,-0.5403692722320557
102165,1,28698,-0.5439655780792236
102185,1,28698,-0.5466612577438354
102205,1,28698,-0.5444501042366028
102206,1,28700,24.2115478515625
102225,1,28698,-0.5482348799705505
102245,1,28698,-0.5435868501663208
102265,1,28698,-0.544955849647522
102285,1,28698,-0.5454351902008057
102305,1,28698,-0.5436955690383911
102325,1,28698,-0.5464475750923157
102345,1,28698,-0.5487803220748901
102366,1,28698,-0.545005738735199
102385,1,28698,-0.5426770448684692
102405,1,28698,-0.5472115278244019
102406,1,28700,24.2115478515625
102425,1,28698,-0.5432839393615723
102445,1,28698,-0.5449509024620056
102465,1,28698,-0.5461657643318176
102485,1,28698,-0.5466240644454956
102505,1,28698,-0.5475917458534241
102525,1,28698,-0.5491207242012024
102545,1,28698,-0.550851583480835
102565,1,28698,-0.548268735408783
102585,1,28698,-0.5488826036453247
102605,1,28698,-0.5540220737457275
102606,1,28700,24.2115478515625
102625,1,28698,-0.5519492030143738
102645,1,28698,-0.5526306629180908
102665,1,28698,-0.5550135374069214
102685,1,28698,-0.5500970482826233
102705,1,28698,-0.5511441826820374
102725,1,28698,-0.553779661655426
102745,1,28698,-0.5559300184249878
102765,1,28698,-0.551902174949646
102785,1,28698,-0.5550605058670044
102805,1,28698,-0.5580283403396606
102806,1,28700,24.2115478515625
102825,1,28698,-0.5534782409667969
