time,f7_time,stage,target,position,velocity,current,state,code
0.006722344027366489,69.889,idle,0.0,249.75384521484375,-0.0,-0.06300000101327896,0,1
0.017240048036910594,69.899,idle,0.0,249.75384521484375,-0.0,-0.02199999988079071,0,1
0.02711286098929122,69.909,idle,0.0,249.75384521484375,-0.0,0.008999999612569809,0,1
0.0372355860308744,69.919,idle,0.0,249.75384521484375,-0.0,0.008999999612569809,0,1
0.046939419000409544,69.929,idle,0.0,249.75384521484375,-0.0,-0.02199999988079071,0,1
0.0574759790324606,69.939,idle,0.0,249.75384521484375,-0.0,-0.0949999988079071,0,1
0.06710506899980828,69.949,idle,0.0,249.75384521484375,-0.0,-0.02199999988079071,0,1
0.07746192900231108,69.959,idle,0.0,249.75384521484375,-0.0,0.008999999612569809,0,1
0.08702088601421565,69.969,idle,0.0,249.75384521484375,-0.0,-0.0949999988079071,0,1
0.09724503400502726,69.979,idle,0.0,249.75384521484375,-0.0,0.008999999612569809,0,1
0.1070872790296562,69.989,idle,0.0,249.75384521484375,-0.0,0.008999999612569809,0,1
0.11742668499937281,69.999,idle,0.0,249.75384521484375,-0.0,0.008999999612569809,0,1
0.12700104201212525,70.009,idle,0.0,249.75384521484375,-0.0,-0.02199999988079071,0,1
0.1373371520312503,70.019,idle,0.0,249.75384521484375,-0.0,-0.02199999988079071,0,1
0.1473420950351283,70.029,idle,0.0,249.75384521484375,-0.0,-0.02199999988079071,0,1
0.15733781998278573,70.039,idle,0.0,249.75384521484375,-0.0,-0.02199999988079071,0,1
0.16713596100453287,70.049,idle,0.0,249.75384521484375,-0.0,-0.02199999988079071,0,1
0.1774619820062071,70.059,idle,0.0,249.75384521484375,-0.0,0.008999999612569809,0,1
0.18679721601074561,70.069,idle,0.0,249.75384521484375,-0.0,0.052000001072883606,0,1
0.19713096099440008,70.079,idle,0.0,249.75384521484375,-0.0,-0.02199999988079071,0,1
0.20690387400100008,70.089,idle,0.0,249.75384521484375,-0.0,-0.02199999988079071,0,1
0.21757659199647605,70.099,idle,0.0,249.75384521484375,-0.0,-0.02199999988079071,0,1
0.22696728102164343,70.109,idle,0.0,249.75384521484375,-0.0,-0.02199999988079071,0,1
0.23737808299483731,70.119,idle,0.0,249.75384521484375,-0.0,-0.0949999988079071,0,1
0.24686825001845136,70.129,idle,0.0,249.75384521484375,-0.0,0.008999999612569809,0,1
0.25733675103401765,70.139,idle,0.0,249.75384521484375,-0.0,0.008999999612569809,0,1
0.2671797869843431,70.149,idle,0.0,249.75384521484375,-0.0,-0.02199999988079071,0,1
0.2774111790349707,70.159,idle,0.0,249.75384521484375,-0.0,-0.02199999988079071,0,1
0.2867859480320476,70.169,idle,0.0,249.75384521484375,-0.0,0.008999999612569809,0,1
0.2982388730160892,70.179,idle,0.0,249.75384521484375,-0.0,0.008999999612569809,0,1
0.30681763403117657,70.189,idle,0.0,249.75384521484375,-0.0,0.052000001072883606,0,1
0.31753361399751157,70.199,idle,0.0,249.75384521484375,-0.0,-0.02199999988079071,0,1
0.3270022100186907,70.209,idle,0.0,249.75384521484375,-0.0,0.008999999612569809,0,1
0.33736276702256873,70.219,idle,0.0,249.75384521484375,-0.0,-0.02199999988079071,0,1
0.347021013032645,70.229,idle,0.0,249.75384521484375,-0.0,0.008999999612569809,0,1
0.3573646569857374,70.239,idle,0.0,249.75384521484375,-0.0,-0.02199999988079071,0,1
0.3669102389831096,70.249,idle,0.0,249.75384521484375,-0.0,-0.02199999988079071,0,1
0.3772017750306986,70.259,idle,0.0,249.75384521484375,-0.0,-0.02199999988079071,0,1
0.3869719930225983,70.269,idle,0.0,249.75384521484375,-0.0,-0.0949999988079071,0,1
0.3973271290306002,70.279,idle,0.0,249.75384521484375,-0.0,-0.02199999988079071,0,1
0.40708432300016284,70.289,idle,0.0,249.75384521484375,-0.0,0.008999999612569809,0,1
0.417452123016119,70.299,idle,0.0,249.75384521484375,-0.0,-0.02199999988079071,0,1
0.4268042290350422,70.309,idle,0.0,249.75384521484375,-0.0,0.008999999612569809,0,1
0.4374568180064671,70.319,idle,0.0,249.75384521484375,-0.0,0.008999999612569809,0,1
0.4470166580285877,70.329,idle,0.0,249.75384521484375,-0.0,0.052000001072883606,0,1
0.4583463700255379,70.339,idle,0.0,249.75384521484375,-0.0,0.08299999684095383,0,1
0.4670448080287315,70.349,idle,0.0,249.75384521484375,-0.0,0.08299999684095383,0,1
0.4773877300322056,70.359,idle,0.0,249.75384521484375,-0.0,0.008999999612569809,0,1
0.4869797910214402,70.369,idle,0.0,249.75384521484375,-0.0,-0.02199999988079071,0,1
0.4973630600143224,70.379,idle,0.0,249.75384521484375,-0.0,0.052000001072883606,0,1
0.507132166007068,70.389,idle,0.0,249.75384521484375,-0.0,0.008999999612569809,0,1
0.5172487600357272,70.399,idle,0.0,249.75384521484375,-0.0,0.008999999612569809,0,1
0.5268444379908033,70.409,idle,0.0,249.75384521484375,-0.0,0.052000001072883606,0,1
0.5371587169938721,70.419,idle,0.0,249.75384521484375,-0.0,0.008999999612569809,0,1
0.5469857819844037,70.429,idle,0.0,249.75384521484375,-0.0,-0.02199999988079071,0,1
0.5574108409928158,70.439,idle,0.0,249.75384521484375,-0.0,-0.02199999988079071,0,1
0.5671230590087362,70.449,idle,0.0,249.75384521484375,-0.0,0.008999999612569809,0,1
0.5773162780096754,70.459,idle,0.0,249.75384521484375,-0.0,0.008999999612569809,0,1
0.5870417010155506,70.469,idle,0.0,249.75384521484375,-0.0,-0.06300000101327896,0,1
0.5973051540204324,70.479,idle,0.0,249.75384521484375,-0.0,0.052000001072883606,0,1
0.607022712007165,70.489,idle,0.0,249.75384521484375,-0.0,0.052000001072883606,0,1
0.6174100490170531,70.499,idle,0.0,249.75384521484375,-0.0,-0.02199999988079071,0,1
0.6269407939980738,70.509,idle,0.0,249.75384521484375,-0.0,-0.02199999988079071,0,1
0.6372885860037059,70.519,idle,0.0,249.75384521484375,-0.0,-0.02199999988079071,0,1
0.6470735220354982,70.529,idle,0.0,249.75384521484375,-0.0,-0.02199999988079071,0,1
0.6576607269817032,70.539,idle,0.0,249.75384521484375,-0.0,0.008999999612569809,0,1
0.6668678789865226,70.549,idle,0.0,249.75384521484375,-0.0,-0.02199999988079071,0,1
0.6774570679990575,70.559,idle,0.0,249.75384521484375,-0.0,-0.02199999988079071,0,1
0.6872066070209257,70.569,idle,0.0,249.75384521484375,-0.0,-0.02199999988079071,0,1
0.6974508230341598,70.579,idle,0.0,249.75384521484375,-0.0,0.008999999612569809,0,1
0.706982308998704,70.589,idle,0.0,249.75384521484375,-0.0,-0.02199999988079071,0,1
0.7173325149924494,70.599,idle,0.0,249.75384521484375,-0.0,-0.02199999988079071,0,1
0.7271645910223015,70.609,idle,0.0,249.75384521484375,-0.0,0.008999999612569809,0,1
0.7372975660255179,70.619,idle,0.0,249.75384521484375,-0.0,0.008999999612569809,0,1
0.7470013180281967,70.629,idle,0.0,249.75384521484375,-0.0,0.008999999612569809,0,1
0.7575716819847003,70.639,idle,0.0,249.75384521484375,-0.0,0.008999999612569809,0,1
0.7674114920082502,70.649,idle,0.0,249.75384521484375,-0.0,0.08299999684095383,0,1
0.7774065150297247,70.659,idle,0.0,249.75384521484375,-0.0,0.052000001072883606,0,1
0.7870024529984221,70.669,idle,0.0,249.75384521484375,-0.0,-0.02199999988079071,0,1
0.7975709440070204,70.679,idle,0.0,249.75384521484375,-0.0,0.008999999612569809,0,1
0.807137164985761,70.689,idle,0.0,249.75384521484375,-0.0,0.008999999612569809,0,1
0.817586469987873,70.699,idle,0.0,249.75384521484375,-0.0,0.008999999612569809,0,1
0.8270383250201121,70.709,idle,0.0,249.75384521484375,-0.0,0.008999999612569809,0,1
0.8374424430076033,70.719,idle,0.0,249.75384521484375,-0.0,0.008999999612569809,0,1
0.8472605919814669,70.729,idle,0.0,249.75384521484375,-0.0,-0.02199999988079071,0,1
0.8574510359903798,70.739,idle,0.0,249.75384521484375,-0.0,0.052000001072883606,0,1
0.8670089620281942,70.749,idle,0.0,249.75384521484375,-0.0,0.008999999612569809,0,1
0.8780402489937842,70.759,idle,0.0,249.75384521484375,-0.0,0.008999999612569809,0,1
0.8870384949841537,70.769,idle,0.0,249.75384521484375,-0.0,-0.02199999988079071,0,1
0.8975102620315738,70.779,idle,0.0,249.75384521484375,-0.0,0.008999999612569809,0,1
0.9070851000142284,70.789,idle,0.0,249.75384521484375,-0.0,-0.02199999988079071,0,1
0.9173613350139931,70.799,idle,0.0,249.75384521484375,-0.0,0.008999999612569809,0,1
0.9269261120352894,70.809,idle,0.0,249.75384521484375,-0.0,-0.17299999296665192,0,1
0.9381190540152602,70.819,idle,0.0,249.75384521484375,-0.0,-0.02199999988079071,0,1
0.9468925319961272,70.829,idle,0.0,249.75384521484375,-0.0,-0.02199999988079071,0,1
0.9575606390135363,70.839,idle,0.0,249.75384521484375,-0.0,-0.02199999988079071,0,1
0.9671654230332933,70.849,idle,0.0,249.75384521484375,-0.0,0.052000001072883606,0,1
0.9772492229822092,70.859,idle,0.0,249.75384521484375,-0.0,0.08299999684095383,0,1
0.9871531230164692,70.869,idle,0.0,249.75384521484375,-0.0,-0.02199999988079071,0,1
0.9973679319955409,70.879,idle,0.0,249.75384521484375,-0.0,0.008999999612569809,0,1
1.0070339710218832,70.889,idle,0.0,249.75384521484375,-0.0,-0.02199999988079071,0,1
1.0174542290042154,70.899,idle,0.0,249.75384521484375,-0.0,0.052000001072883606,0,1
1.0270267010200769,70.909,idle,0.0,249.75384521484375,-0.0,-0.02199999988079071,0,1
1.0371672890032642,70.919,idle,0.0,249.75384521484375,-0.0,-0.02199999988079071,0,1
1.0470278770080768,70.929,idle,0.0,249.75384521484375,-0.0,-0.02199999988079071,0,1
1.0574256920372136,70.939,idle,0.0,249.75384521484375,-0.0,0.008999999612569809,0,1
1.0673494799993932,70.949,idle,0.0,249.75384521484375,-0.0,-0.02199999988079071,0,1
1.0772394129890017,70.959,idle,0.0,249.75384521484375,-0.0,0.008999999612569809,0,1
1.0868113940232433,70.969,idle,0.0,249.75384521484375,-0.0,0.08299999684095383,0,1
1.097225459991023,70.979,idle,0.0,249.75384521484375,-0.0,-0.02199999988079071,0,1
1.1068206850322895,70.989,idle,0.0,249.75384521484375,-0.0,-0.02199999988079071,0,1
1.1174370250082575,70.999,idle,0.0,249.75384521484375,-0.0,0.23399999737739563,0,1
1.1271008290350437,71.009,idle,0.0,249.75384521484375,-0.0,-0.0949999988079071,0,1
1.1373001289903186,71.019,idle,0.0,249.75384521484375,-0.0,0.008999999612569809,0,1
1.1482244519866072,71.029,idle,0.0,249.75384521484375,-0.0,0.052000001072883606,0,1
1.1573978980304673,71.039,idle,0.0,249.75384521484375,-0.0,0.008999999612569809,0,1
1.1671936730272137,71.049,idle,0.0,249.75384521484375,-0.0,0.008999999612569809,0,1
1.177260831987951,71.059,idle,0.0,249.75384521484375,-0.0,0.008999999612569809,0,1
1.1869409880018793,71.069,idle,0.0,249.75384521484375,-0.0,0.008999999612569809,0,1
1.1973116819863208,71.079,idle,0.0,249.75384521484375,-0.0,-0.02199999988079071,0,1
1.2070028890157118,71.089,idle,0.0,249.75384521484375,-0.0,0.008999999612569809,0,1
1.2174207220086828,71.099,idle,0.0,249.75384521484375,-0.0,0.08299999684095383,0,1
1.226821778982412,71.109,idle,0.0,249.75384521484375,-0.0,-0.02199999988079071,0,1
1.2372893770225346,71.119,idle,0.0,249.75384521484375,-0.0,-0.02199999988079071,0,1
1.2470438639866188,71.129,idle,0.0,249.75384521484375,-0.0,0.08299999684095383,0,1
1.257287938031368,71.139,idle,0.0,249.75384521484375,-0.0,-0.06300000101327896,0,1
1.2677329819998704,71.149,idle,0.0,249.75384521484375,-0.0,0.052000001072883606,0,1
1.2774539359961636,71.159,idle,0.0,249.75384521484375,-0.0,-0.02199999988079071,0,1
1.2869289030204527,71.169,idle,0.0,249.75384521484375,-0.0,-0.02199999988079071,0,1
1.2973442520014942,71.179,idle,0.0,249.75384521484375,-0.0,0.008999999612569809,0,1
1.3068381950142793,71.189,idle,0.0,249.75384521484375,-0.0,-0.02199999988079071,0,1
1.3173748530098237,71.199,idle,0.0,249.75384521484375,-0.0,0.08299999684095383,0,1
1.326858427026309,71.209,idle,0.0,249.75384521484375,-0.0,-0.02199999988079071,0,1
1.337281079031527,71.219,idle,0.0,249.75384521484375,-0.0,-0.02199999988079071,0,1
1.347013564023655,71.229,idle,0.0,249.75384521484375,-0.0,0.008999999612569809,0,1
1.3581844540312886,71.239,idle,0.0,249.75384521484375,-0.0,0.008999999612569809,0,1
1.3671823380282149,71.249,idle,0.0,249.75384521484375,-0.0,-0.02199999988079071,0,1
1.377316594007425,71.259,idle,0.0,249.75384521484375,-0.0,-0.02199999988079071,0,1
1.3868350540287793,71.269,idle,0.0,249.75384521484375,-0.0,0.008999999612569809,0,1
1.3973981420276687,71.279,idle,0.0,249.75384521484375,-0.0,0.008999999612569809,0,1
1.4070897300262004,71.289,idle,0.0,249.75384521484375,-0.0,0.008999999612569809,0,1
1.4174032250302844,71.299,idle,0.0,249.75384521484375,-0.0,0.008999999612569809,0,1
1.4268428460345604,71.309,idle,0.0,249.75384521484375,-0.0,-0.02199999988079071,0,1
1.4373834209982306,71.319,idle,0.0,249.75384521484375,-0.0,-0.02199999988079071,0,1
1.446958046988584,71.329,idle,0.0,249.75384521484375,-0.0,-0.02199999988079071,0,1
1.4574093240080401,71.339,idle,0.0,249.75384521484375,-0.0,0.008999999612569809,0,1
1.4672097280272283,71.349,idle,0.0,249.75384521484375,-0.0,0.008999999612569809,0,1
1.4773096989956684,71.359,idle,0.0,249.75384521484375,-0.0,0.08299999684095383,0,1
1.486951372004114,71.369,idle,0.0,249.75384521484375,-0.0,-0.02199999988079071,0,1
1.4972860179841518,71.379,idle,0.0,249.75384521484375,-0.0,-0.02199999988079071,0,1
1.5069916620268486,71.389,idle,0.0,249.75384521484375,-0.0,0.008999999612569809,0,1
1.518319007998798,71.399,idle,0.0,249.75384521484375,-0.0,-0.02199999988079071,0,1
1.5268292980035767,71.409,idle,0.0,249.75384521484375,-0.0,0.052000001072883606,0,1
1.537378249980975,71.419,idle,0.0,249.75384521484375,-0.0,-0.02199999988079071,0,1
1.5470753679983318,71.429,idle,0.0,249.75384521484375,-0.0,0.008999999612569809,0,1
1.5574272160301916,71.439,idle,0.0,249.75384521484375,-0.0,0.052000001072883606,0,1
1.5672274000244215,71.449,idle,0.0,249.75384521484375,-0.0,0.008999999612569809,0,1
1.5772060109884478,71.459,idle,0.0,249.75384521484375,-0.0,0.008999999612569809,0,1
1.5869800450163893,71.469,idle,0.0,249.75384521484375,-0.0,-0.02199999988079071,0,1
1.5973739830078557,71.479,idle,0.0,249.75384521484375,-0.0,0.008999999612569809,0,1
1.6070880030165426,71.489,idle,0.0,249.75384521484375,-0.0,0.008999999612569809,0,1
1.6173591680126265,71.499,idle,0.0,249.75384521484375,-0.0,-0.02199999988079071,0,1
1.6267851929878816,71.509,idle,0.0,249.75384521484375,-0.0,0.008999999612569809,0,1
1.637300200003665,71.519,idle,0.0,249.75384521484375,-0.0,-0.0949999988079071,0,1
1.6471401390153915,71.529,idle,0.0,249.75384521484375,-0.0,-0.02199999988079071,0,1
1.6574128569918685,71.539,idle,0.0,249.75384521484375,-0.0,-0.02199999988079071,0,1
1.6672131710220128,71.549,idle,0.0,249.75384521484375,-0.0,-0.02199999988079071,0,1
1.6772125120041892,71.559,idle,0.0,249.75384521484375,-0.0,0.008999999612569809,0,1
1.6869039890007116,71.569,idle,0.0,249.75384521484375,-0.0,-0.02199999988079071,0,1
1.6975052600027993,71.579,idle,0.0,249.75384521484375,-0.0,-0.02199999988079071,0,1
1.7073375640320592,71.589,idle,0.0,249.75384521484375,-0.0,-0.02199999988079071,0,1
1.7174999130074866,71.599,idle,0.0,249.75384521484375,-0.0,-0.02199999988079071,0,1
1.726856156019494,71.609,idle,0.0,249.75384521484375,-0.0,0.008999999612569809,0,1
1.7374570359825157,71.619,idle,0.0,249.75384521484375,-0.0,-0.02199999988079071,0,1
1.7468736930168234,71.629,idle,0.0,249.75384521484375,-0.0,0.008999999612569809,0,1
1.7580162190133706,71.639,idle,0.0,249.75384521484375,-0.0,-0.02199999988079071,0,1
1.7677714370074682,71.649,idle,0.0,249.75384521484375,-0.0,-0.0949999988079071,0,1
1.7772943750023842,71.659,idle,0.0,249.75384521484375,-0.0,0.052000001072883606,0,1
1.7869840189814568,71.669,idle,0.0,249.75384521484375,-0.0,0.008999999612569809,0,1
1.7974308669799939,71.679,idle,0.0,249.75384521484375,-0.0,-0.02199999988079071,0,1
1.8071447270340286,71.689,idle,0.0,249.75384521484375,-0.0,0.08299999684095383,0,1
1.8175476620090194,71.699,idle,0.0,249.75384521484375,-0.0,0.008999999612569809,0,1
1.8270011080312543,71.709,idle,0.0,249.75384521484375,-0.0,0.008999999612569809,0,1
1.8373447909834795,71.719,idle,0.0,249.75384521484375,-0.0,0.19300000369548798,0,1
1.8471155990264378,71.729,idle,0.0,249.75384521484375,-0.0,0.008999999612569809,0,1
1.8576247750315815,71.739,idle,0.0,249.75384521484375,-0.0,0.008999999612569809,0,1
1.867076929018367,71.749,idle,0.0,249.75384521484375,-0.0,0.08299999684095383,0,1
1.8772634150227532,71.759,idle,0.0,249.75384521484375,-0.0,-0.02199999988079071,0,1
1.8871473870240152,71.769,idle,0.0,249.75384521484375,-0.0,-0.02199999988079071,0,1
1.8974877430009656,71.779,idle,0.0,249.75384521484375,-0.0,0.008999999612569809,0,1
1.9069963439833373,71.789,idle,0.0,249.75384521484375,-0.0,0.008999999612569809,0,1
1.9176470370148309,71.799,idle,0.0,249.75384521484375,-0.0,0.008999999612569809,0,1
1.9270832790061831,71.809,idle,0.0,249.75384521484375,-0.0,-0.02199999988079071,0,1
1.9381428560009226,71.819,idle,0.0,249.75384521484375,-0.0,-0.24699999392032623,0,1
1.9470708360313438,71.829,idle,0.0,249.75384521484375,-0.0,-0.02199999988079071,0,1
1.9576566960313357,71.839,idle,0.0,249.75384521484375,-0.0,0.052000001072883606,0,1
1.9670627519953996,71.849,idle,0.0,249.75384521484375,-0.0,-0.24699999392032623,0,1
1.9772624500328675,71.859,idle,0.0,249.75384521484375,-0.0,-0.02199999988079071,0,1
1.9869776510167867,71.869,idle,0.0,249.75384521484375,-0.0,-0.02199999988079071,0,1
1.9976738800178282,71.879,idle,0.0,249.75384521484375,-0.0,-0.02199999988079071,0,1
2.007326433027629,71.889,idle,0.0,249.75384521484375,-0.0,0.008999999612569809,0,1
2.017624317028094,71.899,idle,0.0,249.75384521484375,-0.0,0.008999999612569809,0,1
2.0270061370101757,71.909,idle,0.0,249.75384521484375,-0.0,0.008999999612569809,0,1
2.0375105520361103,71.919,idle,0.0,249.75384521484375,-0.0,0.008999999612569809,0,1
2.0471603790065274,71.929,idle,0.0,249.75384521484375,-0.0,0.008999999612569809,0,1
2.057733455032576,71.939,idle,0.0,249.75384521484375,-0.0,-0.02199999988079071,0,1
2.067012880987022,71.949,idle,0.0,249.75384521484375,-0.0,0.008999999612569809,0,1
2.077218970982358,71.959,idle,0.0,249.75384521484375,-0.0,-0.02199999988079071,0,1
2.087147066020407,71.969,idle,0.0,249.75384521484375,-0.0,0.008999999612569809,0,1
2.097375779005233,71.979,idle,0.0,249.75384521484375,-0.0,-0.02199999988079071,0,1
2.107030676037539,71.989,idle,0.0,249.75384521484375,-0.0,-0.02199999988079071,0,1
2.1174033320276067,71.999,idle,0.0,249.75384521484375,-0.0,0.008999999612569809,0,1
2.127168007020373,72.009,idle,0.0,249.75384521484375,-0.0,-0.02199999988079071,0,1
2.1372837960370816,72.019,idle,0.0,249.75384521484375,-0.0,0.008999999612569809,0,1
2.1480558390030637,72.029,idle,0.0,249.75384521484375,-0.0,0.008999999612569809,0,1
2.1574240830377676,72.039,idle,0.0,249.75384521484375,-0.0,-0.02199999988079071,0,1
2.167196121008601,72.049,idle,0.0,249.75384521484375,-0.0,-0.02199999988079071,0,1
2.1772354260319844,72.059,idle,0.0,249.75384521484375,-0.0,0.08299999684095383,0,1
2.186921030981466,72.069,idle,0.0,249.75384521484375,-0.0,-0.02199999988079071,0,1
2.197269682015758,72.079,idle,0.0,249.75384521484375,-0.0,0.008999999612569809,0,1
2.2069819070165977,72.089,idle,0.0,249.75384521484375,-0.0,-0.02199999988079071,0,1
2.21748866699636,72.099,idle,0.0,249.75384521484375,-0.0,-0.0949999988079071,0,1
2.227226471004542,72.109,idle,0.0,249.75384521484375,-0.0,0.008999999612569809,0,1
2.237298436986748,72.119,idle,0.0,249.75384521484375,-0.0,0.008999999612569809,0,1
2.2469828900066204,72.129,idle,0.0,249.75384521484375,-0.0,0.008999999612569809,0,1
2.2573062329902314,72.139,idle,0.0,249.75384521484375,-0.0,-0.02199999988079071,0,1
2.266990875999909,72.149,idle,0.0,249.75384521484375,-0.0,0.008999999612569809,0,1
2.277240689028986,72.159,idle,0.0,249.75384521484375,-0.0,-0.02199999988079071,0,1
2.2869817489990965,72.169,idle,0.0,249.75384521484375,-0.0,0.008999999612569809,0,1
2.2973776499857195,72.179,idle,0.0,249.75384521484375,-0.0,-0.02199999988079071,0,1
2.307047615002375,72.189,idle,0.0,249.75384521484375,-0.0,-0.02199999988079071,0,1
2.3173948629992083,72.199,idle,0.0,249.75384521484375,-0.0,0.008999999612569809,0,1
2.3270317959832028,72.209,idle,0.0,249.75384521484375,-0.0,-0.02199999988079071,0,1
2.337378231983166,72.219,idle,0.0,249.75384521484375,-0.0,0.008999999612569809,0,1
2.346985438023694,72.229,idle,0.0,249.75384521484375,-0.0,-0.02199999988079071,0,1
2.3574222860042937,72.239,idle,0.0,249.75384521484375,-0.0,0.008999999612569809,0,1
2.366885951021686,72.249,idle,0.0,249.75384521484375,-0.0,0.052000001072883606,0,1
2.3772728240001015,72.259,idle,0.0,249.75384521484375,-0.0,-0.06300000101327896,0,1
2.3869590000249445,72.269,idle,0.0,249.75384521484375,-0.0,-0.02199999988079071,0,1
2.397532686998602,72.279,idle,0.0,249.75384521484375,-0.0,0.04100000113248825,0,1
2.40688584203599,72.289,idle,0.0,249.75384521484375,-0.0,0.008999999612569809,0,1
2.4181526220054366,72.299,idle,0.0,249.75384521484375,-0.0,0.008999999612569809,0,1
2.427117110986728,72.309,idle,0.0,249.75384521484375,-0.0,-0.02199999988079071,0,1
2.437175922037568,72.319,idle,0.0,249.75384521484375,-0.0,0.008999999612569809,0,1
2.4470219410141,72.329,idle,0.0,249.75384521484375,-0.0,0.008999999612569809,0,1
2.4574042150052264,72.339,idle,0.0,249.75384521484375,-0.0,-0.02199999988079071,0,1
2.4670170320314355,72.349,idle,0.0,249.75384521484375,-0.0,0.008999999612569809,0,1
2.4773276509949937,72.359,idle,0.0,249.75384521484375,-0.0,-0.02199999988079071,0,1
2.4869537430349737,72.369,idle,0.0,249.75384521484375,-0.0,-0.02199999988079071,0,1
2.4974462559912354,72.379,idle,0.0,249.75384521484375,-0.0,-0.02199999988079071,0,1
2.507001493999269,72.389,idle,0.0,249.75384521484375,-0.0,0.052000001072883606,0,1
2.5173958020168357,72.399,idle,0.0,249.75384521484375,-0.0,0.008999999612569809,0,1
2.5270763669977896,72.409,idle,0.0,249.75384521484375,-0.0,0.008999999612569809,0,1
2.5373762249946594,72.419,idle,0.0,249.75384521484375,-0.0,-0.02199999988079071,0,1
2.547010954003781,72.429,idle,0.0,249.75384521484375,-0.0,-0.02199999988079071,0,1
2.5572314520250075,72.439,idle,0.0,249.75384521484375,-0.0,0.008999999612569809,0,1
2.566838919010479,72.449,idle,0.0,249.75384521484375,-0.0,-0.0949999988079071,0,1
2.577296395029407,72.459,idle,0.0,249.75384521484375,-0.0,0.008999999612569809,0,1
2.58708409400424,72.469,idle,0.0,249.75384521484375,-0.0,0.008999999612569809,0,1
2.5973293280112557,72.479,idle,0.0,249.75384521484375,-0.0,0.008999999612569809,0,1
2.6070147629943676,72.489,idle,0.0,249.75384521484375,-0.0,0.008999999612569809,0,1
2.617222908011172,72.499,idle,0.0,249.75384521484375,-0.0,0.008999999612569809,0,1
2.626813683018554,72.509,idle,0.0,249.75384521484375,-0.0,-0.02199999988079071,0,1
2.637654446007218,72.519,idle,0.0,249.75384521484375,-0.0,0.052000001072883606,0,1
2.6472775720176287,72.529,idle,0.0,249.75384521484375,-0.0,0.008999999612569809,0,1
2.6573531560134143,72.539,idle,0.0,249.75384521484375,-0.0,-0.02199999988079071,0,1
2.667004375020042,72.549,idle,0.0,249.75384521484375,-0.0,-0.02199999988079071,0,1
2.677314323023893,72.559,idle,0.0,249.75384521484375,-0.0,0.008999999612569809,0,1
2.6869921530014835,72.569,idle,0.0,249.75384521484375,-0.0,-0.02199999988079071,0,1
2.697462644020561,72.579,idle,0.0,249.75384521484375,-0.0,-0.02199999988079071,0,1
2.7071327199810185,72.589,idle,0.0,249.75384521484375,-0.0,-0.02199999988079071,0,1
2.7173409149982035,72.599,idle,0.0,249.75384521484375,-0.0,-0.02199999988079071,0,1
2.7269041379913688,72.609,idle,0.0,249.75384521484375,-0.0,0.052000001072883606,0,1
2.737389196990989,72.619,idle,0.0,249.75384521484375,-0.0,0.008999999612569809,0,1
2.7471600330318324,72.629,idle,0.0,249.75384521484375,-0.0,0.052000001072883606,0,1
2.757181914988905,72.639,idle,0.0,249.75384521484375,-0.0,0.08299999684095383,0,1
2.767123354016803,72.649,idle,0.0,249.75384521484375,-0.0,0.008999999612569809,0,1
2.777194590016734,72.659,idle,0.0,249.75384521484375,-0.0,0.008999999612569809,0,1
2.78698787803296,72.669,idle,0.0,249.75384521484375,-0.0,-0.02199999988079071,0,1
2.797588416025974,72.679,idle,0.0,249.75384521484375,-0.0,-0.02199999988079071,0,1
2.80715001601493,72.689,idle,0.0,249.75384521484375,-0.0,0.008999999612569809,0,1
2.817366947012488,72.699,idle,0.0,249.75384521484375,-0.0,0.008999999612569809,0,1
2.8272713670157827,72.709,idle,0.0,249.75384521484375,-0.0,-0.02199999988079071,0,1
2.8380716730025597,72.719,idle,0.0,249.75384521484375,-0.0,-0.02199999988079071,0,1
2.847092338022776,72.729,idle,0.0,249.75384521484375,-0.0,-0.02199999988079071,0,1
2.857362090027891,72.739,idle,0.0,249.75384521484375,-0.0,0.008999999612569809,0,1
2.866887341020629,72.749,idle,0.0,249.75384521484375,-0.0,-0.02199999988079071,0,1
2.8774298889911734,72.759,idle,0.0,249.75384521484375,-0.0,0.008999999612569809,0,1
2.886977182002738,72.769,idle,0.0,249.75384521484375,-0.0,0.052000001072883606,0,1
2.8974246690049767,72.779,idle,0.0,249.75384521484375,-0.0,-0.02199999988079071,0,1
2.906982832995709,72.789,idle,0.0,249.75384521484375,-0.0,-0.02199999988079071,0,1
2.9173935999860987,72.799,idle,0.0,249.75384521484375,-0.0,-0.24699999392032623,0,1
2.9270883899880573,72.809,idle,0.0,249.75384521484375,-0.0,0.008999999612569809,0,1
2.9384583240025677,72.819,idle,0.0,249.75384521484375,-0.0,0.008999999612569809,0,1
2.9472283130162396,72.829,idle,0.0,249.75384521484375,-0.0,-0.02199999988079071,0,1
2.9576965890009888,72.839,idle,0.0,249.75384521484375,-0.0,-0.02199999988079071,0,1
2.9670978040085174,72.849,idle,0.0,249.75384521484375,-0.0,0.08299999684095383,0,1
2.977643155027181,72.859,idle,0.0,249.75384521484375,-0.0,-0.06300000101327896,0,1
2.987084817024879,72.869,idle,0.0,249.75384521484375,-0.0,-0.02199999988079071,0,1
2.9984242930077016,72.879,idle,0.0,249.75384521484375,-0.0,0.008999999612569809,0,1
3.0073300190269947,72.889,idle,0.0,249.75384521484375,-0.0,0.008999999612569809,0,1
3.0214989529922605,72.903,idle,0.0,249.75384521484375,-0.0,0.052000001072883606,0,1
3.027571214013733,72.909,idle,0.0,249.75384521484375,-0.0,0.008999999612569809,0,1
3.0375768130179495,72.919,idle,0.0,249.75384521484375,-0.0,0.08299999684095383,0,1
3.047100669995416,72.929,idle,0.0,249.75384521484375,-0.0,-0.02199999988079071,0,1
3.05712799099274,72.939,idle,0.0,249.75384521484375,-0.0,0.008999999612569809,0,1
3.0670802390086465,72.949,idle,0.0,249.75384521484375,-0.0,0.052000001072883606,0,1
3.07747321203351,72.959,idle,0.0,249.75384521484375,-0.0,-0.02199999988079071,0,1
3.0869428970036097,72.969,idle,0.0,249.75384521484375,-0.0,-0.02199999988079071,0,1
3.097463181009516,72.979,idle,0.0,249.75384521484375,-0.0,0.008999999612569809,0,1
3.1070021570194513,72.989,idle,0.0,249.75384521484375,-0.0,-0.02199999988079071,0,1
3.1175276309950277,72.999,idle,0.0,249.75384521484375,-0.0,-0.02199999988079071,0,1
3.127125768980477,73.009,idle,0.0,249.75384521484375,-0.0,0.008999999612569809,0,1
3.13744876900455,73.019,idle,0.0,249.75384521484375,-0.0,-0.02199999988079071,0,1
3.147545090992935,73.03,idle,0.0,249.75384521484375,-0.0,0.052000001072883606,0,1
3.1570590790361166,73.039,pre,0.0,249.75384521484375,-0.0,0.008999999612569809,2,1
3.1670624039834365,73.049,pre,0.0,249.75384521484375,-0.0,0.008999999612569809,2,1
3.1775345969945192,73.059,pre,0.0,249.75384521484375,-0.0,0.008999999612569809,2,1
3.187342172022909,73.069,pre,0.0,249.75384521484375,-0.0,-0.0949999988079071,2,1
3.1967256130301394,73.079,pre,0.0,249.75384521484375,-0.0,0.008999999612569809,2,1
3.2079479370149784,73.089,pre,0.0,249.75384521484375,-0.0,-0.02199999988079071,2,1
3.2166689530131407,73.099,pre,0.0,249.75384521484375,-0.0,-0.06300000101327896,2,1
3.227412429987453,73.109,pre,0.0,249.75384521484375,-0.0,-0.02199999988079071,2,1
3.2365996000007726,73.119,pre,0.0,249.75384521484375,-0.0,-0.02199999988079071,2,1
3.2472507120110095,73.129,pre,0.0,249.75384521484375,-0.0,-0.06300000101327896,2,1
3.256725816987455,73.139,pre,0.0,249.75384521484375,-0.0,-0.06300000101327896,2,1
3.2674602760234848,73.149,pre,0.0,249.75384521484375,-0.0,-0.02199999988079071,2,1
3.276779155014083,73.159,pre,0.0,249.75384521484375,-0.0,0.008999999612569809,2,1
3.287162540014833,73.169,pre,0.0,249.75384521484375,-0.0,-0.02199999988079071,2,1
3.296764164988417,73.179,pre,0.0,249.75384521484375,-0.0,0.008999999612569809,2,1
3.3070326020242646,73.189,pre,0.0,249.75384521484375,-0.0,-0.02199999988079071,2,1
3.3176254039863124,73.199,pre,0.0,249.75384521484375,-0.0,-0.02199999988079071,2,1
3.3271142339799553,73.209,pre,0.0,249.75384521484375,-0.0,0.08299999684095383,2,1
3.3371572549804114,73.219,pre,0.0,249.75384521484375,-0.0,-0.02199999988079071,2,1
3.347107149020303,73.229,pre,0.0,249.75384521484375,-0.0,0.052000001072883606,2,1
3.3575723189860582,73.239,pre,0.0,249.75384521484375,-0.0,-0.02199999988079071,2,1
3.3674125649849884,73.249,pre,0.0,249.75384521484375,-0.0,0.008999999612569809,2,1
3.3767626030021347,73.259,pre,0.0,249.75384521484375,-0.0,0.008999999612569809,2,1
3.387207784981001,73.269,pre,0.0,249.75384521484375,-0.0,0.008999999612569809,2,1
3.396827774005942,73.279,pre,0.0,249.75384521484375,-0.0,0.008999999612569809,2,1
3.407211188983638,73.289,pre,0.0,249.75384521484375,-0.0,0.008999999612569809,2,1
3.4168084150296636,73.299,pre,0.0,249.75384521484375,-0.0,0.008999999612569809,2,1
3.4271687860018574,73.309,pre,0.0,249.75384521484375,-0.0,0.008999999612569809,2,1
3.4367244039895013,73.319,pre,0.0,249.75384521484375,-0.0,0.008999999612569809,2,1
3.4471123869880103,73.329,pre,0.0,249.75384521484375,-0.0,0.08299999684095383,2,1
3.4567558109993115,73.339,pre,0.0,249.75384521484375,-0.0,0.008999999612569809,2,1
3.467088649980724,73.349,pre,0.0,249.75384521484375,-0.0,-0.02199999988079071,2,1
3.476672401011456,73.359,pre,0.0,249.75384521484375,-0.0,-0.02199999988079071,2,1
3.487061166029889,73.369,pre,0.0,249.75384521484375,-0.0,-0.02199999988079071,2,1
3.4967621780233458,73.379,pre,0.0,249.75384521484375,-0.0,-0.06300000101327896,2,1
3.5071143840323202,73.389,pre,0.0,249.75384521484375,-0.0,-0.02199999988079071,2,1
3.5169667440350167,73.399,pre,0.0,249.75384521484375,-0.0,0.052000001072883606,2,1
3.52740718703717,73.409,pre,0.0,249.75384521484375,-0.0,-0.02199999988079071,2,1
3.537196687015239,73.419,pre,0.0,249.75384521484375,-0.0,-0.02199999988079071,2,1
3.54728002398042,73.429,pre,0.0,249.75384521484375,-0.0,0.008999999612569809,2,1
3.556822986982297,73.439,pre,0.0,249.75384521484375,-0.0,-0.02199999988079071,2,1
3.5671013229875825,73.449,pre,0.0,249.75384521484375,-0.0,0.052000001072883606,2,1
3.5768670880352147,73.459,pre,0.0,249.75384521484375,-0.0,-0.17299999296665192,2,1
3.5870742889819667,73.469,pre,0.0,249.75384521484375,-0.0,-0.02199999988079071,2,1
3.5968373700161465,73.479,pre,0.0,249.75384521484375,-0.0,-0.02199999988079071,2,1
3.606985729013104,73.489,pre,0.0,249.75384521484375,-0.0,0.008999999612569809,2,1
3.6166875939816236,73.499,pre,0.0,249.75384521484375,-0.0,0.008999999612569809,2,1
3.627254075021483,73.509,pre,0.0,249.75384521484375,-0.0,0.08299999684095383,2,1
3.6366420250269584,73.519,pre,0.0,249.75384521484375,-0.0,0.08299999684095383,2,1
3.6470989490044303,73.529,pre,0.0,249.75384521484375,-0.0,-0.02199999988079071,2,1
3.6573988560121506,73.539,chirp,400.0,249.75384521484375,-0.0,-0.06300000101327896,2,1
3.6673445720225573,73.549,chirp,400.0,249.8310546875,21.495832443237305,-4.216000080108643,2,1
3.67665688903071,73.559,chirp,400.0,250.88211059570312,127.92082977294922,-1.88100004196167,2,1
3.6879281449946575,73.569,chirp,400.0,252.40985107421875,169.90415954589844,-4.656000137329102,2,1
3.6967210680013523,73.579,chirp,400.0,254.45086669921875,191.85833740234375,-3.6459999084472656,2,1
3.7073777510086074,73.589,chirp,400.0,256.8487243652344,266.5666809082031,0.29100000858306885,2,1
3.7169286489952356,73.599,chirp,400.0,259.3979797363281,259.82916259765625,-5.0320000648498535,2,1
3.727049476990942,73.609,chirp,400.0,262.40948486328125,293.10418701171875,1.3229999542236328,2,1
3.7366892530117184,73.619,chirp,400.0,265.3988342285156,324.8208312988281,-2.5190000534057617,2,1
3.747168750036508,73.629,chirp,400.0,268.6886291503906,306.0291748046875,-1.093000054359436,2,1
3.7567392060300335,73.639,chirp,400.0,271.9790954589844,360.89166259765625,-1.0260000228881836,2,1
3.76721500599524,73.649,chirp,400.0,275.48809814453125,316.5708312988281,-3.494999885559082,2,1
3.776703115028795,73.659,recovery,0.0,279.4053039550781,383.2125244140625,0.7210000157356262,2,1
3.787004465004429,73.669,recovery,0.0,282.7884216308594,305.5249938964844,3.424999952316284,2,1
3.7967152860364877,73.679,recovery,0.0,285.4007873535156,261.20416259765625,0.22699999809265137,2,1
3.8074348070076667,73.689,recovery,0.0,287.5713806152344,186.81666564941406,0.47600001096725464,2,1
3.816701526986435,73.699,recovery,0.0,289.46368408203125,196.57916259765625,3.2230000495910645,2,1
3.8271951409988105,73.709,recovery,0.0,290.820556640625,110.45833587646484,-3.630000114440918,2,1
3.836843444034457,73.719,recovery,0.0,292.2267761230469,140.15834045410156,3.7869999408721924,2,1
3.8479471930186264,73.729,recovery,0.0,292.9874572753906,58.94166564941406,-3.7320001125335693,2,1
3.856851287011523,73.739,recovery,0.0,294.0388488769531,98.54166412353516,3.433000087738037,2,1
3.8671315259998664,73.749,recovery,0.0,294.4651794433594,22.6875,-4.214000225067139,2,1
3.8769170690211467,73.759,recovery,0.0,295.10467529296875,47.849998474121094,0.1720000058412552,2,1
3.887276859022677,73.769,recovery,0.0,295.5179138183594,58.11666488647461,0.17100000381469727,2,1
3.896863325033337,73.779,recovery,0.0,295.80426025390625,19.983333587646484,-3.944999933242798,2,1
3.90715657902183,73.789,recovery,0.0,296.17889404296875,15.308333396911621,0.7179999947547913,2,1
3.9167877180152573,73.799,recovery,0.0,296.4430847167969,43.67916488647461,2.2190001010894775,2,1
3.9273664510110393,73.809,recovery,0.0,296.5233154296875,6.737500190734863,-4.181000232696533,2,1
3.937156832020264,73.819,recovery,0.0,296.8173828125,9.762499809265137,2.259000062942505,2,1
3.947471385006793,73.829,recovery,0.0,296.8992919921875,41.295833587646484,0.1550000011920929,2,1
3.9572747200145386,73.839,recovery,0.0,296.94293212890625,-27.5,-3.869999885559082,2,1
3.9673560410155915,73.849,recovery,0.0,297.09466552734375,14.941666603088379,3.7009999752044678,2,1
3.977163142990321,73.859,recovery,0.0,297.1278991699219,22.0,0.07100000232458115,2,1
3.987115691008512,73.869,recovery,0.0,297.14837646484375,-6.508333206176758,-2.632999897003174,2,1
3.996769191988278,73.879,recovery,0.0,297.2578125,5.545833110809326,1.0779999494552612,2,1
4.007228219008539,73.889,recovery,0.0,297.2591552734375,12.604166984558105,-0.041999999433755875,2,1
4.016708571987692,73.899,recovery,0.0,297.29876708984375,-2.8416666984558105,-0.21199999749660492,2,1
4.027274691034108,73.909,recovery,0.0,297.3074951171875,3.5291666984558105,-0.12700000405311584,2,1
4.036755324981641,73.919,recovery,0.0,297.3105163574219,0.8708333373069763,-0.722000002861023,2,1
4.047390735999215,73.929,recovery,0.0,297.3286437988281,-0.13750000298023224,-0.460999995470047,2,1
4.058073627005797,73.939,recovery,0.0,297.34710693359375,3.5291666984558105,-0.25099998712539673,2,1
4.067101703025401,73.949,recovery,0.0,297.3615417480469,2.7041666507720947,-0.5609999895095825,2,1
4.076632202020846,73.959,recovery,0.0,297.3692626953125,1.0083333253860474,-0.7900000214576721,2,1
4.087534788006451,73.969,recovery,0.0,297.3830261230469,-0.32083332538604736,-0.41999998688697815,2,1
4.0971877790289,73.979,recovery,0.0,297.39276123046875,1.1916667222976685,-0.38199999928474426,2,1
4.107444362016395,73.989,recovery,0.0,297.3964538574219,0.8708333373069763,-0.6019999980926514,2,1
4.116759803029709,73.999,recovery,0.0,297.3998107910156,-0.0,-0.6620000004768372,2,1
4.1272961759823374,74.009,recovery,0.0,297.4095458984375,1.375,-0.3619999885559082,2,1
4.136757333006244,74.019,recovery,0.0,297.41156005859375,0.5041666626930237,-0.5130000114440918,2,1
4.147408143035136,74.029,recovery,0.0,297.4152526855469,-0.0,-0.5550000071525574,2,1
4.15698622103082,74.039,recovery,0.0,297.41693115234375,0.18333333730697632,-0.5569999814033508,2,1
4.167100235004909,74.049,recovery,0.0,297.4172668457031,-0.0,-0.5569999814033508,2,1
4.177131009986624,74.059,recovery,0.0,297.41961669921875,0.18333333730697632,-0.37299999594688416,2,1
4.187249061011244,74.069,recovery,0.0,297.41961669921875,-0.0,-0.5199999809265137,2,1
4.196678537991829,74.079,recovery,0.0,297.41961669921875,-0.0,-0.5199999809265137,2,1
4.2071934010018595,74.089,recovery,0.0,297.4206237792969,0.18333333730697632,-0.5619999766349792,2,1
4.216724289988633,74.099,recovery,0.0,297.42095947265625,-0.0,-0.593999981880188,2,1
4.227223141991999,74.109,recovery,0.0,297.42095947265625,-0.0,-0.5630000233650208,2,1
4.236673759005498,74.119,recovery,0.0,297.42095947265625,-0.0,-0.5199999809265137,2,1
4.247149147035088,74.129,recovery,0.0,297.421630859375,0.36666667461395264,-0.7110000252723694,2,1
4.256708950037137,74.139,recovery,0.0,297.4229736328125,-0.0,-0.5210000276565552,2,1
4.267332018003799,74.149,recovery,0.0,297.4229736328125,-0.0,-0.492000013589859,2,1
4.277164518018253,74.159,recovery,0.0,297.4229736328125,-0.0,-0.5649999976158142,2,1
4.2874241070239805,74.169,recovery,0.0,297.4229736328125,-0.0,-0.5649999976158142,2,1
4.297507723036688,74.179,recovery,0.0,297.4229736328125,-0.0,-0.593999981880188,2,1
4.307373406016268,74.189,recovery,0.0,297.4229736328125,-0.0,-0.5210000276565552,2,1
4.316672686021775,74.199,recovery,0.0,297.4229736328125,-0.0,-0.5649999976158142,2,1
4.328307880030479,74.209,recovery,0.0,297.4229736328125,-0.0,-0.5649999976158142,2,1
4.336684974026866,74.219,recovery,0.0,297.4229736328125,-0.0,-0.5649999976158142,2,1
4.347166694002226,74.229,recovery,0.0,297.4229736328125,-0.0,-0.593999981880188,2,1
4.3566636689938605,74.239,recovery,0.0,297.4239807128906,-0.0,-0.5199999809265137,2,1
4.367070036008954,74.249,recovery,0.0,297.4239807128906,-0.0,-0.5659999847412109,2,1
4.376864664023742,74.259,recovery,0.0,297.4239807128906,-0.0,-0.5199999809265137,2,1
4.387171683018096,74.269,recovery,0.0,297.4239807128906,-0.0,-0.5199999809265137,2,1
4.396734773006756,74.279,recovery,0.0,297.4239807128906,-0.0,-0.5199999809265137,2,1
4.407315569987986,74.289,recovery,0.0,297.4239807128906,-0.0,-0.5199999809265137,2,1
4.416756218008231,74.299,recovery,0.0,297.4239807128906,-0.0,-0.5199999809265137,2,1
4.427241694997065,74.309,recovery,0.0,297.4239807128906,-0.0,-0.5659999847412109,2,1
4.436771592008881,74.319,recovery,0.0,297.4239807128906,-0.0,-0.593999981880188,2,1
4.447334675991442,74.329,recovery,0.0,297.4239807128906,-0.0,-0.593999981880188,2,1
4.457134563999716,74.339,recovery,0.0,297.42431640625,0.18333333730697632,-0.5199999809265137,2,1
4.467423107998911,74.349,recovery,0.0,297.4246520996094,-0.0,-0.5659999847412109,2,1
4.477343895996455,74.359,recovery,0.0,297.4246520996094,-0.0,-0.593999981880188,2,1
4.487121011014096,74.369,recovery,0.0,297.4246520996094,-0.0,-0.5199999809265137,2,1
4.4966950620291755,74.379,recovery,0.0,297.4246520996094,-0.0,-0.5199999809265137,2,1
4.507122809009161,74.389,recovery,0.0,297.4246520996094,-0.0,-0.593999981880188,2,1
4.5167359440238215,74.399,recovery,0.0,297.4246520996094,-0.0,-0.5199999809265137,2,1
4.527102996013127,74.409,recovery,0.0,297.4246520996094,-0.0,-0.5659999847412109,2,1
4.536696274008136,74.419,recovery,0.0,297.4246520996094,-0.0,-0.5199999809265137,2,1
4.547131295024883,74.429,recovery,0.0,297.4253234863281,0.18333333730697632,-0.6389999985694885,2,1
4.55670320201898,74.439,recovery,0.0,297.4256591796875,-0.0,-0.5199999809265137,2,1
4.567114067031071,74.449,recovery,0.0,297.4256591796875,-0.0,-0.6129999756813049,2,1
4.5766684410045855,74.459,recovery,0.0,297.4256591796875,-0.0,-0.6399999856948853,2,1
4.587072894035373,74.469,recovery,0.0,297.4256591796875,-0.0,-0.5929999947547913,2,1
4.596760799991898,74.479,recovery,0.0,297.4256591796875,-0.0,-0.5199999809265137,2,1
4.607073149003554,74.489,recovery,0.0,297.4256591796875,-0.0,-0.6399999856948853,2,1
4.617082824988756,74.499,recovery,0.0,297.4256591796875,-0.0,-0.6399999856948853,2,1
4.627306926995516,74.509,recovery,0.0,297.4256591796875,-0.0,-0.6399999856948853,2,1
4.63705027801916,74.519,recovery,0.0,297.4256591796875,-0.0,-0.5669999718666077,2,1
4.647389698016923,74.529,recovery,0.0,297.4256591796875,-0.0,-0.5929999947547913,2,1
4.657191068981774,74.539,recovery,0.0,297.4256591796875,-0.0,-0.5929999947547913,2,1
4.667080958024599,74.549,recovery,0.0,297.4256591796875,-0.0,-0.5669999718666077,2,1
4.676683142024558,74.559,recovery,0.0,297.4256591796875,-0.0,-0.5669999718666077,2,1
4.687092986016069,74.569,recovery,0.0,297.42633056640625,0.18333333730697632,-0.5669999718666077,2,1
4.696729735995177,74.579,recovery,0.0,297.42633056640625,-0.0,-0.47200000286102295,2,1
4.707116524979938,74.589,recovery,0.0,297.42633056640625,-0.0,-0.5189999938011169,2,1
4.716731864027679,74.599,recovery,0.0,297.42633056640625,-0.0,-0.5189999938011169,2,1
4.7271136050112545,74.609,recovery,0.0,297.42633056640625,-0.0,-0.5920000076293945,2,1
4.736704627983272,74.619,recovery,0.0,297.42633056640625,-0.0,-0.5669999718666077,2,1
4.747077881998848,74.629,recovery,0.0,297.42633056640625,-0.0,-0.6399999856948853,2,1
4.756718759017531,74.639,recovery,0.0,297.42633056640625,-0.0,-0.5189999938011169,2,1
4.767097263014875,74.649,recovery,0.0,297.42633056640625,-0.0,-0.5920000076293945,2,1
4.776957396010403,74.659,recovery,0.0,297.42633056640625,-0.0,-0.5189999938011169,2,1
4.7870374050107785,74.669,recovery,0.0,297.42633056640625,-0.0,-0.6399999856948853,2,1
4.796961858985014,74.679,recovery,0.0,297.42633056640625,-0.0,-0.5920000076293945,2,1
4.807464908983093,74.689,recovery,0.0,297.42633056640625,-0.0,-0.5669999718666077,2,1
4.817103862995282,74.699,recovery,0.0,297.42633056640625,-0.0,-0.5669999718666077,2,1
4.827183381014038,74.709,recovery,0.0,297.42633056640625,-0.0,-0.5189999938011169,2,1
4.836799570999574,74.719,recovery,0.0,297.42633056640625,-0.0,-0.5669999718666077,2,1
4.847090750001371,74.729,recovery,0.0,297.42633056640625,-0.0,-0.7120000123977661,2,1
4.856828500982374,74.739,recovery,0.0,297.427001953125,-0.0,-0.5189999938011169,2,1
4.867202105990145,74.749,recovery,0.0,297.427001953125,-0.0,-0.6399999856948853,2,1
4.8767981880228035,74.759,recovery,0.0,297.427001953125,-0.0,-0.5669999718666077,2,1
4.887131737021264,74.769,recovery,0.0,297.427001953125,-0.0,-0.5669999718666077,2,1
4.89674943103455,74.779,recovery,0.0,297.427001953125,-0.0,-0.6399999856948853,2,1
4.907152321015019,74.789,recovery,0.0,297.427001953125,-0.0,-0.6869999766349792,2,1
4.916846478008665,74.799,recovery,0.0,297.427001953125,-0.0,-0.5669999718666077,2,1
4.927148505987134,74.809,recovery,0.0,297.427001953125,-0.0,-0.5189999938011169,2,1
4.9367909650318325,74.819,recovery,0.0,297.427001953125,-0.0,-0.7129999995231628,2,1
4.947159689036198,74.829,recovery,0.0,297.427001953125,-0.0,-0.6399999856948853,2,1
4.956696707988158,74.839,recovery,0.0,297.427001953125,-0.0,-0.5920000076293945,2,1
4.968013417033944,74.849,recovery,0.0,297.427001953125,-0.0,-0.5669999718666077,2,1
4.976800517004449,74.859,recovery,0.0,297.427001953125,-0.0,-0.5669999718666077,2,1
4.987077908008359,74.869,recovery,0.0,297.427001953125,-0.0,-0.6399999856948853,2,1
4.9966885360190645,74.879,recovery,0.0,297.427001953125,-0.0,-0.6399999856948853,2,1
5.007446127012372,74.889,recovery,0.0,297.427001953125,-0.0,-0.5669999718666077,2,1
5.017189215985127,74.899,recovery,0.0,297.427001953125,-0.0,-0.5189999938011169,2,1
5.027121583989356,74.909,recovery,0.0,297.427001953125,-0.0,-0.5920000076293945,2,1
5.036707476014271,74.919,recovery,0.0,297.427001953125,-0.0,-0.5669999718666077,2,1
5.047155810985714,74.929,recovery,0.0,297.427001953125,-0.0,-0.6869999766349792,2,1
5.05672647402389,74.939,recovery,0.0,297.4280090332031,0.18333333730697632,-0.6399999856948853,2,1
5.067072684993036,74.949,recovery,0.0,297.4280090332031,-0.0,-0.5669999718666077,2,1
5.076751924003474,74.959,recovery,0.0,297.4280090332031,-0.0,-0.6399999856948853,2,1
5.087131078005768,74.969,recovery,0.0,297.4280090332031,-0.0,-0.5669999718666077,2,1
5.096783916000277,74.979,recovery,0.0,297.4280090332031,-0.0,-0.6399999856948853,2,1
5.10716367099667,74.989,recovery,0.0,297.4280090332031,-0.0,-0.5669999718666077,2,1
5.116733272036072,74.999,recovery,0.0,297.4280090332031,-0.0,-0.5669999718666077,2,1
5.127902632986661,75.009,recovery,0.0,297.4280090332031,-0.0,-0.6399999856948853,2,1
5.136684170982335,75.019,recovery,0.0,297.4280090332031,-0.0,-0.6890000104904175,2,1
5.147194283024874,75.029,recovery,0.0,297.4280090332031,-0.0,-0.6399999856948853,2,1
5.1571242160280235,75.039,recovery,0.0,297.4280090332031,-0.0,-0.5910000205039978,2,1
5.167369597009383,75.049,recovery,0.0,297.4280090332031,-0.0,-0.5910000205039978,2,1
5.176654789014719,75.059,recovery,0.0,297.4280090332031,-0.0,-0.5910000205039978,2,1
5.187443068018183,75.069,recovery,0.0,297.4280090332031,-0.0,-0.5189999938011169,2,1
5.197561709035654,75.079,recovery,0.0,297.4280090332031,-0.0,-0.5189999938011169,2,1
5.207239655021112,75.089,recovery,0.0,297.4280090332031,-0.0,-0.5669999718666077,2,1
5.216888656024821,75.099,recovery,0.0,297.4280090332031,-0.0,-0.5669999718666077,2,1
5.227224718022626,75.109,recovery,0.0,297.4280090332031,-0.0,-0.6399999856948853,2,1
5.237184237979818,75.119,recovery,0.0,297.4280090332031,-0.0,-0.6399999856948853,2,1
5.247204190993216,75.129,recovery,0.0,297.4286804199219,0.18333333730697632,-0.5680000185966492,2,1
5.256695793999825,75.139,recovery,0.0,297.4286804199219,-0.0,-0.6399999856948853,2,1
5.267115565016866,75.149,recovery,0.0,297.4286804199219,-0.0,-0.5680000185966492,2,1
5.276686349010561,75.159,recovery,0.0,297.4286804199219,-0.0,-0.6399999856948853,2,1
5.287007683014963,75.169,recovery,0.0,297.4286804199219,-0.0,-0.6399999856948853,2,1
5.296759688993916,75.179,recovery,0.0,297.4286804199219,-0.0,-0.6399999856948853,2,1
5.307090051006526,75.189,recovery,0.0,297.4286804199219,-0.0,-0.6399999856948853,2,1
5.316684499033727,75.199,recovery,0.0,297.4286804199219,-0.0,-0.6399999856948853,2,1
5.327102606010158,75.209,recovery,0.0,297.4286804199219,-0.0,-0.5680000185966492,2,1
5.336838171991985,75.219,recovery,0.0,297.4286804199219,-0.0,-0.5680000185966492,2,1
5.347256580018438,75.229,recovery,0.0,297.4286804199219,-0.0,-0.5680000185966492,2,1
5.356725008983631,75.239,recovery,0.0,297.4286804199219,-0.0,-0.5680000185966492,2,1
5.367367973027285,75.249,recovery,0.0,297.4286804199219,-0.0,-0.6399999856948853,2,1
5.3770598149858415,75.259,recovery,0.0,297.4286804199219,-0.0,-0.6399999856948853,2,1
5.387641292007174,75.269,recovery,0.0,297.4286804199219,-0.0,-0.5680000185966492,2,1
5.396644219988957,75.279,recovery,0.0,297.4286804199219,-0.0,-0.5680000185966492,2,1
5.406970924988855,75.289,recovery,0.0,297.4286804199219,-0.0,-0.6399999856948853,2,1
5.416828109999187,75.299,recovery,0.0,297.4286804199219,-0.0,-0.6399999856948853,2,1
5.4271225039847195,75.309,recovery,0.0,297.4286804199219,-0.0,-0.6399999856948853,2,1
5.437099014990963,75.319,recovery,0.0,297.4286804199219,-0.0,-0.5680000185966492,2,1
5.447115521994419,75.329,recovery,0.0,297.4286804199219,-0.0,-0.5680000185966492,2,1
5.456859764002729,75.339,recovery,0.0,297.4293518066406,-0.0,-0.6389999985694885,2,1
5.467328848026227,75.349,recovery,0.0,297.4293518066406,-0.0,-0.6890000104904175,2,1
5.4769085380248725,75.359,recovery,0.0,297.4293518066406,-0.0,-0.6389999985694885,2,1
5.487311477016192,75.369,recovery,0.0,297.4293518066406,-0.0,-0.6890000104904175,2,1
5.496781349007506,75.379,recovery,0.0,297.4293518066406,-0.0,-0.5669999718666077,2,1
5.507261424034368,75.389,recovery,0.0,297.4293518066406,-0.0,-0.5669999718666077,2,1
5.516777123033535,75.399,recovery,0.0,297.4293518066406,-0.0,-0.5669999718666077,2,1
5.527068039984442,75.409,recovery,0.0,297.4293518066406,-0.0,-0.5170000195503235,2,1
5.536780902009923,75.419,recovery,0.0,297.4293518066406,-0.0,-0.6389999985694885,2,1
5.548269867023919,75.429,recovery,0.0,297.4293518066406,-0.0,-0.6890000104904175,2,1
5.556989409029484,75.439,recovery,0.0,297.4293518066406,-0.0,-0.6389999985694885,2,1
5.56703000201378,75.449,recovery,0.0,297.4293518066406,-0.0,-0.6389999985694885,2,1
5.577134635997936,75.459,recovery,0.0,297.4293518066406,-0.0,-0.6389999985694885,2,1
5.587056223012041,75.469,recovery,0.0,297.4293518066406,-0.0,-0.6389999985694885,2,1
5.597483758989256,75.479,recovery,0.0,297.4293518066406,-0.0,-0.5669999718666077,2,1
5.607472133007832,75.489,recovery,0.0,297.4293518066406,-0.0,-0.6169999837875366,2,1
5.616715506010223,75.499,recovery,0.0,297.4293518066406,-0.0,-0.7110000252723694,2,1
5.627128995023668,75.509,recovery,0.0,297.4293518066406,-0.0,-0.6389999985694885,2,1
5.637018632027321,75.519,recovery,0.0,297.4293518066406,-0.0,-0.5669999718666077,2,1
5.647583387035411,75.529,recovery,0.0,297.4293518066406,-0.0,-0.5669999718666077,2,1
5.656646678980906,75.539,recovery,0.0,297.4293518066406,-0.0,-0.5669999718666077,2,1
5.667185074998997,75.549,recovery,0.0,297.4293518066406,-0.0,-0.6389999985694885,2,1
5.676970654982142,75.559,recovery,0.0,297.4293518066406,-0.0,-0.6169999837875366,2,1
5.687111857987475,75.569,recovery,0.0,297.4296875,-0.0,-0.6389999985694885,2,1
5.697136380011216,75.579,recovery,0.0,297.4300231933594,-0.0,-0.5669999718666077,2,1
5.707123211002909,75.589,recovery,0.0,297.4300231933594,-0.0,-0.6389999985694885,2,1
5.716789836005773,75.599,recovery,0.0,297.4300231933594,-0.0,-0.6179999709129333,2,1
5.727238201012369,75.609,recovery,0.0,297.4300231933594,-0.0,-0.6179999709129333,2,1
5.736733009980526,75.619,recovery,0.0,297.4300231933594,-0.0,-0.6890000104904175,2,1
5.747121001011692,75.629,recovery,0.0,297.4300231933594,-0.0,-0.5669999718666077,2,1
5.756779230025131,75.639,recovery,0.0,297.4300231933594,-0.0,-0.5669999718666077,2,1
5.767410190019291,75.649,recovery,0.0,297.4300231933594,-0.0,-0.5669999718666077,2,1
5.77771776902955,75.659,recovery,0.0,297.4300231933594,-0.0,-0.5669999718666077,2,1
